-- MySQL dump 10.13  Distrib 5.1.38, for apple-darwin9.5.0 (i386)
--
-- Host: localhost    Database: GAS
-- ------------------------------------------------------
-- Server version	5.1.38-log

/*!40101 SET @OLD_CHARACTER_SET_CLIENT=@@CHARACTER_SET_CLIENT */;
/*!40101 SET @OLD_CHARACTER_SET_RESULTS=@@CHARACTER_SET_RESULTS */;
/*!40101 SET @OLD_COLLATION_CONNECTION=@@COLLATION_CONNECTION */;
/*!40101 SET NAMES utf8 */;
/*!40103 SET @OLD_TIME_ZONE=@@TIME_ZONE */;
/*!40103 SET TIME_ZONE='+00:00' */;
/*!40014 SET @OLD_UNIQUE_CHECKS=@@UNIQUE_CHECKS, UNIQUE_CHECKS=0 */;
/*!40014 SET @OLD_FOREIGN_KEY_CHECKS=@@FOREIGN_KEY_CHECKS, FOREIGN_KEY_CHECKS=0 */;
/*!40101 SET @OLD_SQL_MODE=@@SQL_MODE, SQL_MODE='NO_AUTO_VALUE_ON_ZERO' */;
/*!40111 SET @OLD_SQL_NOTES=@@SQL_NOTES, SQL_NOTES=0 */;

--
-- Table structure for table `access`
--

DROP TABLE IF EXISTS `access`;
/*!40101 SET @saved_cs_client     = @@character_set_client */;
/*!40101 SET character_set_client = utf8 */;
CREATE TABLE `access` (
  `access_id` int(11) unsigned NOT NULL AUTO_INCREMENT,
  `user_id` int(11) unsigned NOT NULL,
  `access_level` varchar(10) DEFAULT NULL,
  `resource_id` int(11) unsigned NOT NULL,
  `date` datetime DEFAULT NULL,
  `response` varchar(10) DEFAULT NULL,
  PRIMARY KEY (`access_id`),
  UNIQUE KEY `single_access` (`user_id`,`resource_id`),
  KEY `user_id` (`user_id`),
  KEY `entity_id` (`resource_id`),
  CONSTRAINT `access_ibfk_1` FOREIGN KEY (`user_id`) REFERENCES `user` (`user_id`) ON DELETE CASCADE ON UPDATE CASCADE,
  CONSTRAINT `entity_id` FOREIGN KEY (`resource_id`) REFERENCES `resource` (`resource_id`) ON DELETE CASCADE ON UPDATE CASCADE
) ENGINE=InnoDB AUTO_INCREMENT=3139 DEFAULT CHARSET=latin1;
/*!40101 SET character_set_client = @saved_cs_client */;

--
-- Dumping data for table `access`
--

LOCK TABLES `access` WRITE;
/*!40000 ALTER TABLE `access` DISABLE KEYS */;
INSERT INTO `access` VALUES (1,16,'admin',1,NULL,NULL),(2,8,'full',1,NULL,NULL),(3,48,'full',1,NULL,NULL),(4,16,'admin',2,NULL,NULL),(5,8,'full',2,NULL,NULL),(6,48,'full',2,NULL,NULL),(7,16,'admin',3,NULL,NULL),(8,8,'none',3,NULL,NULL),(9,48,'request',3,NULL,NULL),(10,16,'admin',4,NULL,NULL),(11,8,'none',4,NULL,NULL),(12,48,'none',4,NULL,NULL),(13,16,'admin',5,NULL,NULL),(14,8,'full',5,NULL,NULL),(15,48,'full',5,NULL,NULL),(16,16,'admin',6,NULL,NULL),(17,8,'full',6,NULL,NULL),(18,48,'full',6,NULL,NULL),(19,16,'admin',7,NULL,NULL),(20,8,'full',7,NULL,NULL),(21,48,'full',7,NULL,NULL),(22,16,'admin',8,NULL,NULL),(23,8,'full',8,NULL,NULL),(24,48,'full',8,NULL,NULL),(25,16,'admin',9,NULL,NULL),(26,8,'full',9,NULL,NULL),(27,48,'full',9,NULL,NULL),(28,16,'admin',10,NULL,NULL),(29,8,'full',10,NULL,NULL),(30,48,'full',10,NULL,NULL),(31,16,'admin',11,NULL,NULL),(32,8,'full',11,NULL,NULL),(33,48,'full',11,NULL,NULL),(34,16,'admin',12,NULL,NULL),(35,8,'full',12,NULL,NULL),(36,48,'full',12,NULL,NULL),(37,16,'admin',13,NULL,NULL),(38,8,'full',13,NULL,NULL),(39,48,'full',13,NULL,NULL),(40,16,'admin',14,NULL,NULL),(41,8,'full',14,NULL,NULL),(42,48,'full',14,NULL,NULL),(43,16,'admin',15,NULL,NULL),(44,8,'full',15,NULL,NULL),(45,48,'full',15,NULL,NULL),(46,16,'admin',16,NULL,NULL),(47,8,'full',16,NULL,NULL),(48,48,'full',16,NULL,NULL),(49,16,'admin',17,NULL,NULL),(50,8,'full',17,NULL,NULL),(51,48,'full',17,NULL,NULL),(52,16,'admin',18,NULL,NULL),(53,8,'full',18,NULL,NULL),(54,48,'full',18,NULL,NULL),(55,16,'admin',19,NULL,NULL),(56,8,'full',19,NULL,NULL),(57,48,'full',19,NULL,NULL),(58,16,'admin',20,NULL,NULL),(59,8,'full',20,NULL,NULL),(60,48,'full',20,NULL,NULL),(61,16,'admin',21,NULL,NULL),(62,8,'full',21,NULL,NULL),(63,48,'full',21,NULL,NULL),(64,16,'admin',22,NULL,NULL),(65,8,'full',22,NULL,NULL),(66,48,'full',22,NULL,NULL),(67,16,'admin',23,NULL,NULL),(68,8,'full',23,NULL,NULL),(69,48,'full',23,NULL,NULL),(70,16,'admin',24,NULL,NULL),(71,8,'full',24,NULL,NULL),(72,48,'full',24,NULL,NULL),(73,16,'admin',25,NULL,NULL),(74,8,'full',25,NULL,NULL),(75,48,'full',25,NULL,NULL),(76,16,'admin',26,NULL,NULL),(77,8,'full',26,NULL,NULL),(78,48,'full',26,NULL,NULL),(79,16,'admin',27,NULL,NULL),(80,8,'full',27,NULL,NULL),(81,48,'full',27,NULL,NULL),(82,16,'admin',28,NULL,NULL),(83,8,'full',28,NULL,NULL),(84,48,'full',28,NULL,NULL),(85,16,'admin',29,NULL,NULL),(86,8,'full',29,NULL,NULL),(87,48,'full',29,NULL,NULL),(88,16,'admin',30,NULL,NULL),(89,8,'full',30,NULL,NULL),(90,48,'full',30,NULL,NULL),(91,16,'admin',31,NULL,NULL),(92,8,'full',31,NULL,NULL),(93,48,'full',31,NULL,NULL),(94,16,'admin',32,NULL,NULL),(95,8,'full',32,NULL,NULL),(96,48,'full',32,NULL,NULL),(97,16,'admin',33,NULL,NULL),(98,8,'full',33,NULL,NULL),(99,48,'full',33,NULL,NULL),(100,16,'admin',34,NULL,NULL),(101,8,'full',34,NULL,NULL),(102,48,'full',34,NULL,NULL),(103,16,'admin',35,NULL,NULL),(104,8,'full',35,NULL,NULL),(105,48,'full',35,NULL,NULL),(106,16,'admin',36,NULL,NULL),(107,8,'full',36,NULL,NULL),(108,48,'full',36,NULL,NULL),(109,16,'admin',37,NULL,NULL),(110,8,'full',37,NULL,NULL),(111,48,'full',37,NULL,NULL),(112,16,'admin',38,NULL,NULL),(113,8,'none',38,NULL,NULL),(114,48,'request',38,NULL,NULL),(115,16,'admin',39,NULL,NULL),(116,8,'none',39,NULL,NULL),(117,48,'none',39,NULL,NULL),(118,16,'admin',40,NULL,NULL),(119,8,'none',40,NULL,NULL),(120,48,'none',40,NULL,NULL),(121,16,'admin',41,NULL,NULL),(122,8,'full',41,NULL,NULL),(123,48,'full',41,NULL,NULL),(124,16,'admin',42,NULL,NULL),(125,8,'full',42,NULL,NULL),(126,48,'full',42,NULL,NULL),(127,16,'admin',43,NULL,NULL),(128,8,'full',43,NULL,NULL),(129,48,'full',43,NULL,NULL),(130,16,'admin',44,NULL,NULL),(131,8,'full',44,NULL,NULL),(132,48,'full',44,NULL,NULL),(133,16,'admin',45,NULL,NULL),(134,8,'full',45,NULL,NULL),(135,48,'full',45,NULL,NULL),(136,16,'admin',46,NULL,NULL),(137,8,'full',46,NULL,NULL),(138,48,'full',46,NULL,NULL),(139,16,'admin',47,NULL,NULL),(140,8,'full',47,NULL,NULL),(141,48,'full',47,NULL,NULL),(142,16,'admin',48,NULL,NULL),(143,8,'full',48,NULL,NULL),(144,48,'full',48,NULL,NULL),(145,16,'admin',49,NULL,NULL),(146,8,'full',49,NULL,NULL),(147,48,'full',49,NULL,NULL),(148,16,'admin',50,NULL,NULL),(149,8,'full',50,NULL,NULL),(150,48,'full',50,NULL,NULL),(151,16,'admin',51,NULL,NULL),(152,8,'full',51,NULL,NULL),(153,48,'full',51,NULL,NULL),(154,16,'admin',52,NULL,NULL),(155,8,'full',52,NULL,NULL),(156,48,'full',52,NULL,NULL),(157,16,'admin',53,NULL,NULL),(158,8,'full',53,NULL,NULL),(159,48,'full',53,NULL,NULL),(160,16,'admin',54,NULL,NULL),(161,8,'full',54,NULL,NULL),(162,48,'full',54,NULL,NULL),(163,16,'admin',55,NULL,NULL),(164,8,'full',55,NULL,NULL),(165,48,'full',55,NULL,NULL),(166,16,'admin',56,NULL,NULL),(167,8,'full',56,NULL,NULL),(168,48,'full',56,NULL,NULL),(169,16,'admin',57,NULL,NULL),(170,8,'full',57,NULL,NULL),(171,48,'full',57,NULL,NULL),(172,16,'admin',58,NULL,NULL),(173,8,'full',58,NULL,NULL),(174,48,'full',58,NULL,NULL),(175,16,'admin',59,NULL,NULL),(176,8,'full',59,NULL,NULL),(177,48,'full',59,NULL,NULL),(178,16,'admin',60,NULL,NULL),(179,8,'full',60,NULL,NULL),(180,48,'full',60,NULL,NULL),(181,16,'admin',61,NULL,NULL),(182,8,'full',61,NULL,NULL),(183,48,'full',61,NULL,NULL),(184,16,'admin',62,NULL,NULL),(185,8,'full',62,NULL,NULL),(186,48,'full',62,NULL,NULL),(187,16,'admin',63,NULL,NULL),(188,8,'full',63,NULL,NULL),(189,48,'full',63,NULL,NULL),(190,16,'admin',64,NULL,NULL),(191,8,'full',64,NULL,NULL),(192,48,'full',64,NULL,NULL),(193,16,'admin',65,NULL,NULL),(194,8,'full',65,NULL,NULL),(195,48,'full',65,NULL,NULL),(196,16,'admin',66,NULL,NULL),(197,8,'full',66,NULL,NULL),(198,48,'full',66,NULL,NULL),(199,16,'admin',67,NULL,NULL),(200,8,'full',67,NULL,NULL),(201,48,'full',67,NULL,NULL),(202,16,'admin',68,NULL,NULL),(203,8,'full',68,NULL,NULL),(204,48,'full',68,NULL,NULL),(205,16,'admin',69,NULL,NULL),(206,8,'full',69,NULL,NULL),(207,48,'full',69,NULL,NULL),(208,16,'admin',70,NULL,NULL),(209,8,'full',70,NULL,NULL),(210,48,'full',70,NULL,NULL),(211,16,'admin',71,NULL,NULL),(212,8,'full',71,NULL,NULL),(213,48,'full',71,NULL,NULL),(214,16,'admin',72,NULL,NULL),(215,8,'full',72,NULL,NULL),(216,48,'full',72,NULL,NULL),(217,16,'admin',73,NULL,NULL),(218,8,'full',73,NULL,NULL),(219,48,'full',73,NULL,NULL),(220,16,'admin',74,NULL,NULL),(221,8,'full',74,NULL,NULL),(222,48,'full',74,NULL,NULL),(223,16,'admin',75,NULL,NULL),(224,8,'full',75,NULL,NULL),(225,48,'full',75,NULL,NULL),(226,16,'admin',76,NULL,NULL),(227,8,'full',76,NULL,NULL),(228,48,'full',76,NULL,NULL),(229,16,'admin',77,NULL,NULL),(230,8,'full',77,NULL,NULL),(231,48,'full',77,NULL,NULL),(232,16,'admin',78,NULL,NULL),(233,8,'full',78,NULL,NULL),(234,48,'full',78,NULL,NULL),(235,16,'admin',79,NULL,NULL),(236,8,'full',79,NULL,NULL),(237,48,'full',79,NULL,NULL),(238,16,'admin',80,NULL,NULL),(239,8,'full',80,NULL,NULL),(240,48,'full',80,NULL,NULL),(241,16,'admin',81,NULL,NULL),(242,8,'full',81,NULL,NULL),(243,48,'full',81,NULL,NULL),(244,16,'admin',82,NULL,NULL),(245,8,'full',82,NULL,NULL),(246,48,'full',82,NULL,NULL),(247,16,'admin',83,NULL,NULL),(248,8,'full',83,NULL,NULL),(249,48,'full',83,NULL,NULL),(250,16,'admin',84,NULL,NULL),(251,8,'full',84,NULL,NULL),(252,48,'full',84,NULL,NULL),(253,16,'admin',85,NULL,NULL),(254,8,'full',85,NULL,NULL),(255,48,'full',85,NULL,NULL),(256,16,'admin',86,NULL,NULL),(257,8,'full',86,NULL,NULL),(258,48,'full',86,NULL,NULL),(259,16,'admin',87,NULL,NULL),(260,8,'full',87,NULL,NULL),(261,48,'full',87,NULL,NULL),(262,16,'admin',88,NULL,NULL),(263,8,'full',88,NULL,NULL),(264,48,'full',88,NULL,NULL),(265,16,'admin',89,NULL,NULL),(266,8,'full',89,NULL,NULL),(267,48,'full',89,NULL,NULL),(268,16,'admin',90,NULL,NULL),(269,8,'full',90,NULL,NULL),(270,48,'full',90,NULL,NULL),(271,16,'admin',91,NULL,NULL),(272,8,'full',91,NULL,NULL),(273,48,'full',91,NULL,NULL),(274,16,'admin',92,NULL,NULL),(275,8,'full',92,NULL,NULL),(276,48,'full',92,NULL,NULL),(277,16,'admin',93,NULL,NULL),(278,8,'full',93,NULL,NULL),(279,48,'full',93,NULL,NULL),(280,16,'admin',94,NULL,NULL),(281,8,'full',94,NULL,NULL),(282,48,'full',94,NULL,NULL),(283,16,'admin',95,NULL,NULL),(284,8,'full',95,NULL,NULL),(285,48,'full',95,NULL,NULL),(286,16,'admin',96,NULL,NULL),(287,8,'full',96,NULL,NULL),(288,48,'full',96,NULL,NULL),(289,16,'admin',97,NULL,NULL),(290,8,'full',97,NULL,NULL),(291,48,'full',97,NULL,NULL),(292,16,'admin',98,NULL,NULL),(293,8,'full',98,NULL,NULL),(294,48,'full',98,NULL,NULL),(295,16,'admin',99,NULL,NULL),(296,8,'full',99,NULL,NULL),(297,48,'full',99,NULL,NULL),(298,16,'admin',100,NULL,NULL),(299,8,'full',100,NULL,NULL),(300,48,'full',100,NULL,NULL),(301,16,'admin',101,NULL,NULL),(302,8,'full',101,NULL,NULL),(303,48,'full',101,NULL,NULL),(304,16,'admin',102,NULL,NULL),(305,8,'full',102,NULL,NULL),(306,48,'full',102,NULL,NULL),(307,16,'admin',103,NULL,NULL),(308,8,'full',103,NULL,NULL),(309,48,'full',103,NULL,NULL),(310,16,'admin',104,NULL,NULL),(311,8,'full',104,NULL,NULL),(312,48,'full',104,NULL,NULL),(313,16,'admin',105,NULL,NULL),(314,8,'full',105,NULL,NULL),(315,48,'full',105,NULL,NULL),(316,16,'admin',106,NULL,NULL),(317,8,'full',106,NULL,NULL),(318,48,'full',106,NULL,NULL),(319,16,'admin',107,NULL,NULL),(320,8,'full',107,NULL,NULL),(321,48,'full',107,NULL,NULL),(322,16,'admin',108,NULL,NULL),(323,8,'full',108,NULL,NULL),(324,48,'full',108,NULL,NULL),(325,16,'admin',109,NULL,NULL),(326,8,'full',109,NULL,NULL),(327,48,'full',109,NULL,NULL),(328,16,'admin',110,NULL,NULL),(329,8,'full',110,NULL,NULL),(330,48,'full',110,NULL,NULL),(331,16,'admin',111,NULL,NULL),(332,8,'full',111,NULL,NULL),(333,48,'full',111,NULL,NULL),(334,16,'admin',112,NULL,NULL),(335,8,'full',112,NULL,NULL),(336,48,'full',112,NULL,NULL),(337,16,'admin',113,NULL,NULL),(338,8,'full',113,NULL,NULL),(339,48,'full',113,NULL,NULL),(340,16,'admin',114,NULL,NULL),(341,8,'full',114,NULL,NULL),(342,48,'full',114,NULL,NULL),(343,16,'admin',115,NULL,NULL),(344,8,'full',115,NULL,NULL),(345,48,'full',115,NULL,NULL),(346,16,'admin',116,NULL,NULL),(347,8,'full',116,NULL,NULL),(348,48,'full',116,NULL,NULL),(349,16,'admin',117,NULL,NULL),(350,8,'full',117,NULL,NULL),(351,48,'full',117,NULL,NULL),(352,16,'admin',118,NULL,NULL),(353,8,'full',118,NULL,NULL),(354,48,'full',118,NULL,NULL),(355,16,'admin',119,NULL,NULL),(356,8,'full',119,NULL,NULL),(357,48,'full',119,NULL,NULL),(358,16,'admin',120,NULL,NULL),(359,8,'full',120,NULL,NULL),(360,48,'full',120,NULL,NULL),(361,16,'admin',121,NULL,NULL),(362,8,'full',121,NULL,NULL),(363,48,'full',121,NULL,NULL),(364,16,'admin',122,NULL,NULL),(365,8,'full',122,NULL,NULL),(366,48,'full',122,NULL,NULL),(367,16,'admin',123,NULL,NULL),(368,8,'full',123,NULL,NULL),(369,48,'full',123,NULL,NULL),(370,16,'admin',124,NULL,NULL),(371,8,'full',124,NULL,NULL),(372,48,'full',124,NULL,NULL),(373,16,'admin',125,NULL,NULL),(374,8,'full',125,NULL,NULL),(375,48,'full',125,NULL,NULL),(376,16,'admin',126,NULL,NULL),(377,8,'full',126,NULL,NULL),(378,48,'full',126,NULL,NULL),(379,16,'admin',127,NULL,NULL),(380,8,'full',127,NULL,NULL),(381,48,'full',127,NULL,NULL),(382,16,'admin',128,NULL,NULL),(383,8,'full',128,NULL,NULL),(384,48,'full',128,NULL,NULL),(385,16,'admin',129,NULL,NULL),(386,8,'full',129,NULL,NULL),(387,48,'full',129,NULL,NULL),(388,16,'admin',130,NULL,NULL),(389,8,'full',130,NULL,NULL),(390,48,'full',130,NULL,NULL),(391,16,'admin',131,NULL,NULL),(392,8,'full',131,NULL,NULL),(393,48,'full',131,NULL,NULL),(394,16,'admin',132,NULL,NULL),(395,8,'full',132,NULL,NULL),(396,48,'full',132,NULL,NULL),(397,16,'admin',133,NULL,NULL),(398,8,'full',133,NULL,NULL),(399,48,'full',133,NULL,NULL),(400,16,'admin',134,NULL,NULL),(401,8,'full',134,NULL,NULL),(402,48,'full',134,NULL,NULL),(403,16,'admin',135,NULL,NULL),(404,8,'full',135,NULL,NULL),(405,48,'full',135,NULL,NULL),(406,16,'admin',136,NULL,NULL),(407,8,'full',136,NULL,NULL),(408,48,'full',136,NULL,NULL),(409,16,'admin',137,NULL,NULL),(410,8,'none',137,NULL,NULL),(411,48,'request',137,NULL,NULL),(412,16,'admin',138,NULL,NULL),(413,8,'none',138,NULL,NULL),(414,48,'none',138,NULL,NULL),(415,16,'admin',139,NULL,NULL),(416,8,'full',139,NULL,NULL),(417,48,'full',139,NULL,NULL),(418,16,'admin',140,NULL,NULL),(419,8,'full',140,NULL,NULL),(420,48,'full',140,NULL,NULL),(421,16,'admin',141,NULL,NULL),(422,8,'full',141,NULL,NULL),(423,48,'full',141,NULL,NULL),(424,16,'admin',142,NULL,NULL),(425,8,'full',142,NULL,NULL),(426,48,'full',142,NULL,NULL),(427,16,'admin',143,NULL,NULL),(428,8,'full',143,NULL,NULL),(429,48,'full',143,NULL,NULL),(430,16,'admin',144,NULL,NULL),(431,8,'full',144,NULL,NULL),(432,48,'full',144,NULL,NULL),(433,16,'admin',145,NULL,NULL),(434,8,'full',145,NULL,NULL),(435,48,'full',145,NULL,NULL),(436,16,'admin',146,NULL,NULL),(437,8,'full',146,NULL,NULL),(438,48,'full',146,NULL,NULL),(439,16,'admin',147,NULL,NULL),(440,8,'full',147,NULL,NULL),(441,48,'full',147,NULL,NULL),(442,16,'admin',148,NULL,NULL),(443,8,'full',148,NULL,NULL),(444,48,'full',148,NULL,NULL),(445,16,'admin',149,NULL,NULL),(446,8,'full',149,NULL,NULL),(447,48,'full',149,NULL,NULL),(448,16,'admin',150,NULL,NULL),(449,8,'full',150,NULL,NULL),(450,48,'full',150,NULL,NULL),(451,16,'admin',151,NULL,NULL),(452,8,'none',151,NULL,NULL),(453,48,'request',151,NULL,NULL),(454,16,'admin',152,NULL,NULL),(455,8,'none',152,NULL,NULL),(456,48,'none',152,NULL,NULL),(457,16,'admin',153,NULL,NULL),(458,8,'full',153,NULL,NULL),(459,48,'full',153,NULL,NULL),(460,16,'admin',154,NULL,NULL),(461,8,'full',154,NULL,NULL),(462,48,'full',154,NULL,NULL),(463,16,'admin',155,NULL,NULL),(464,8,'none',155,NULL,NULL),(465,48,'request',155,NULL,NULL),(466,16,'admin',156,NULL,NULL),(467,8,'none',156,NULL,NULL),(468,48,'none',156,NULL,NULL),(469,16,'admin',157,NULL,NULL),(470,8,'full',157,NULL,NULL),(471,48,'full',157,NULL,NULL),(472,16,'admin',158,NULL,NULL),(473,8,'full',158,NULL,NULL),(474,48,'full',158,NULL,NULL),(475,16,'admin',159,NULL,NULL),(476,8,'full',159,NULL,NULL),(477,48,'full',159,NULL,NULL),(478,16,'admin',160,NULL,NULL),(479,8,'full',160,NULL,NULL),(480,48,'full',160,NULL,NULL),(481,16,'admin',161,NULL,NULL),(482,8,'full',161,NULL,NULL),(483,48,'full',161,NULL,NULL),(484,16,'admin',162,NULL,NULL),(485,8,'full',162,NULL,NULL),(486,48,'full',162,NULL,NULL),(487,16,'admin',163,NULL,NULL),(488,8,'full',163,NULL,NULL),(489,48,'full',163,NULL,NULL),(490,16,'admin',164,NULL,NULL),(491,8,'full',164,NULL,NULL),(492,48,'full',164,NULL,NULL),(493,16,'admin',165,NULL,NULL),(494,8,'full',165,NULL,NULL),(495,48,'full',165,NULL,NULL),(496,16,'admin',166,NULL,NULL),(497,8,'full',166,NULL,NULL),(498,48,'full',166,NULL,NULL),(499,16,'admin',167,NULL,NULL),(500,8,'full',167,NULL,NULL),(501,48,'full',167,NULL,NULL),(502,16,'admin',168,NULL,NULL),(503,8,'full',168,NULL,NULL),(504,48,'full',168,NULL,NULL),(505,16,'admin',169,NULL,NULL),(506,8,'full',169,NULL,NULL),(507,48,'full',169,NULL,NULL),(508,16,'admin',170,NULL,NULL),(509,8,'full',170,NULL,NULL),(510,48,'full',170,NULL,NULL),(511,16,'admin',171,NULL,NULL),(512,8,'full',171,NULL,NULL),(513,48,'full',171,NULL,NULL),(514,16,'admin',172,NULL,NULL),(515,8,'full',172,NULL,NULL),(516,48,'full',172,NULL,NULL),(517,16,'admin',173,NULL,NULL),(518,8,'full',173,NULL,NULL),(519,48,'full',173,NULL,NULL),(520,16,'admin',174,NULL,NULL),(521,8,'full',174,NULL,NULL),(522,48,'full',174,NULL,NULL),(523,16,'admin',175,NULL,NULL),(524,8,'full',175,NULL,NULL),(525,48,'full',175,NULL,NULL),(526,16,'admin',176,NULL,NULL),(527,8,'full',176,NULL,NULL),(528,48,'full',176,NULL,NULL),(529,16,'admin',177,NULL,NULL),(530,8,'full',177,NULL,NULL),(531,48,'full',177,NULL,NULL),(532,16,'admin',178,NULL,NULL),(533,8,'full',178,NULL,NULL),(534,48,'full',178,NULL,NULL),(535,16,'admin',179,NULL,NULL),(536,8,'full',179,NULL,NULL),(537,48,'full',179,NULL,NULL),(538,16,'admin',180,NULL,NULL),(539,8,'full',180,NULL,NULL),(540,48,'full',180,NULL,NULL),(541,16,'admin',181,NULL,NULL),(542,8,'full',181,NULL,NULL),(543,48,'full',181,NULL,NULL),(544,16,'admin',182,NULL,NULL),(545,8,'full',182,NULL,NULL),(546,48,'full',182,NULL,NULL),(547,16,'admin',183,NULL,NULL),(548,8,'full',183,NULL,NULL),(549,48,'full',183,NULL,NULL),(550,16,'admin',184,NULL,NULL),(551,8,'full',184,NULL,NULL),(552,48,'full',184,NULL,NULL),(553,16,'admin',185,NULL,NULL),(554,8,'none',185,NULL,NULL),(555,48,'request',185,NULL,NULL),(556,16,'admin',186,NULL,NULL),(557,8,'none',186,NULL,NULL),(558,48,'none',186,NULL,NULL),(559,16,'admin',187,NULL,NULL),(560,8,'full',187,NULL,NULL),(561,48,'full',187,NULL,NULL),(562,16,'admin',188,NULL,NULL),(563,8,'full',188,NULL,NULL),(564,48,'full',188,NULL,NULL),(565,16,'admin',189,NULL,NULL),(566,8,'full',189,NULL,NULL),(567,48,'full',189,NULL,NULL),(568,16,'admin',190,NULL,NULL),(569,8,'full',190,NULL,NULL),(570,48,'full',190,NULL,NULL),(571,16,'admin',191,NULL,NULL),(572,8,'full',191,NULL,NULL),(573,48,'full',191,NULL,NULL),(574,16,'admin',192,NULL,NULL),(575,8,'full',192,NULL,NULL),(576,48,'full',192,NULL,NULL),(577,16,'admin',193,NULL,NULL),(578,8,'full',193,NULL,NULL),(579,48,'full',193,NULL,NULL),(580,16,'admin',194,NULL,NULL),(581,8,'full',194,NULL,NULL),(582,48,'full',194,NULL,NULL),(583,16,'admin',195,NULL,NULL),(584,8,'full',195,NULL,NULL),(585,48,'full',195,NULL,NULL),(586,16,'admin',196,NULL,NULL),(587,8,'full',196,NULL,NULL),(588,48,'full',196,NULL,NULL),(589,16,'admin',197,NULL,NULL),(590,8,'full',197,NULL,NULL),(591,48,'full',197,NULL,NULL),(592,16,'admin',198,NULL,NULL),(593,8,'full',198,NULL,NULL),(594,48,'full',198,NULL,NULL),(595,16,'admin',199,NULL,NULL),(596,8,'full',199,NULL,NULL),(597,48,'full',199,NULL,NULL),(598,16,'admin',200,NULL,NULL),(599,8,'full',200,NULL,NULL),(600,48,'full',200,NULL,NULL),(601,16,'admin',201,NULL,NULL),(602,8,'none',201,NULL,NULL),(603,48,'request',201,NULL,NULL),(604,16,'admin',202,NULL,NULL),(605,8,'none',202,NULL,NULL),(606,48,'none',202,NULL,NULL),(607,16,'admin',203,NULL,NULL),(608,8,'full',203,NULL,NULL),(609,48,'full',203,NULL,NULL),(610,16,'admin',204,NULL,NULL),(611,8,'full',204,NULL,NULL),(612,48,'full',204,NULL,NULL),(613,16,'admin',205,NULL,NULL),(614,8,'full',205,NULL,NULL),(615,48,'full',205,NULL,NULL),(616,16,'admin',206,NULL,NULL),(617,8,'full',206,NULL,NULL),(618,48,'full',206,NULL,NULL),(619,16,'admin',207,NULL,NULL),(620,8,'full',207,NULL,NULL),(621,48,'full',207,NULL,NULL),(622,16,'admin',208,NULL,NULL),(623,8,'full',208,NULL,NULL),(624,48,'full',208,NULL,NULL),(625,16,'admin',209,NULL,NULL),(626,8,'full',209,NULL,NULL),(627,48,'full',209,NULL,NULL),(628,16,'admin',210,NULL,NULL),(629,8,'full',210,NULL,NULL),(630,48,'full',210,NULL,NULL),(631,16,'admin',211,NULL,NULL),(632,8,'full',211,NULL,NULL),(633,48,'full',211,NULL,NULL),(634,16,'admin',212,NULL,NULL),(635,8,'full',212,NULL,NULL),(636,48,'full',212,NULL,NULL),(637,16,'admin',213,NULL,NULL),(638,8,'full',213,NULL,NULL),(639,48,'full',213,NULL,NULL),(640,16,'admin',214,NULL,NULL),(641,8,'full',214,NULL,NULL),(642,48,'full',214,NULL,NULL),(643,16,'admin',215,NULL,NULL),(644,8,'full',215,NULL,NULL),(645,48,'full',215,NULL,NULL),(646,16,'admin',216,NULL,NULL),(647,8,'full',216,NULL,NULL),(648,48,'full',216,NULL,NULL),(649,16,'admin',217,NULL,NULL),(650,8,'full',217,NULL,NULL),(651,48,'full',217,NULL,NULL),(652,16,'admin',218,NULL,NULL),(653,8,'full',218,NULL,NULL),(654,48,'full',218,NULL,NULL),(655,16,'admin',219,NULL,NULL),(656,8,'full',219,NULL,NULL),(657,48,'full',219,NULL,NULL),(658,16,'admin',220,NULL,NULL),(659,8,'full',220,NULL,NULL),(660,48,'full',220,NULL,NULL),(661,16,'admin',221,NULL,NULL),(662,8,'full',221,NULL,NULL),(663,48,'full',221,NULL,NULL),(664,16,'admin',222,NULL,NULL),(665,8,'full',222,NULL,NULL),(666,48,'full',222,NULL,NULL),(667,16,'admin',223,NULL,NULL),(668,8,'full',223,NULL,NULL),(669,48,'full',223,NULL,NULL),(670,16,'admin',224,NULL,NULL),(671,8,'full',224,NULL,NULL),(672,48,'full',224,NULL,NULL),(673,16,'admin',225,NULL,NULL),(674,8,'full',225,NULL,NULL),(675,48,'full',225,NULL,NULL),(676,16,'admin',226,NULL,NULL),(677,8,'full',226,NULL,NULL),(678,48,'full',226,NULL,NULL),(679,16,'admin',227,NULL,NULL),(680,8,'full',227,NULL,NULL),(681,48,'full',227,NULL,NULL),(682,16,'admin',228,NULL,NULL),(683,8,'full',228,NULL,NULL),(684,48,'full',228,NULL,NULL),(685,16,'admin',229,NULL,NULL),(686,8,'full',229,NULL,NULL),(687,48,'full',229,NULL,NULL),(688,16,'admin',230,NULL,NULL),(689,8,'full',230,NULL,NULL),(690,48,'full',230,NULL,NULL),(691,16,'admin',231,NULL,NULL),(692,8,'full',231,NULL,NULL),(693,48,'full',231,NULL,NULL),(694,16,'admin',232,NULL,NULL),(695,8,'full',232,NULL,NULL),(696,48,'full',232,NULL,NULL),(697,16,'admin',233,NULL,NULL),(698,8,'full',233,NULL,NULL),(699,48,'full',233,NULL,NULL),(700,16,'admin',234,NULL,NULL),(701,8,'full',234,NULL,NULL),(702,48,'full',234,NULL,NULL),(703,16,'admin',235,NULL,NULL),(704,8,'full',235,NULL,NULL),(705,48,'full',235,NULL,NULL),(706,16,'admin',236,NULL,NULL),(707,8,'full',236,NULL,NULL),(708,48,'full',236,NULL,NULL),(709,16,'admin',237,NULL,NULL),(710,8,'full',237,NULL,NULL),(711,48,'full',237,NULL,NULL),(712,16,'admin',238,NULL,NULL),(713,8,'full',238,NULL,NULL),(714,48,'full',238,NULL,NULL),(715,16,'admin',239,NULL,NULL),(716,8,'full',239,NULL,NULL),(717,48,'full',239,NULL,NULL),(718,16,'admin',240,NULL,NULL),(719,8,'full',240,NULL,NULL),(720,48,'full',240,NULL,NULL),(721,16,'admin',241,NULL,NULL),(722,8,'full',241,NULL,NULL),(723,48,'full',241,NULL,NULL),(724,16,'admin',242,NULL,NULL),(725,8,'full',242,NULL,NULL),(726,48,'full',242,NULL,NULL),(727,16,'admin',243,NULL,NULL),(728,8,'full',243,NULL,NULL),(729,48,'full',243,NULL,NULL),(730,16,'admin',244,NULL,NULL),(731,8,'full',244,NULL,NULL),(732,48,'full',244,NULL,NULL),(733,16,'admin',245,NULL,NULL),(734,8,'full',245,NULL,NULL),(735,48,'full',245,NULL,NULL),(736,16,'admin',246,NULL,NULL),(737,8,'full',246,NULL,NULL),(738,48,'full',246,NULL,NULL),(739,16,'admin',247,NULL,NULL),(740,8,'full',247,NULL,NULL),(741,48,'full',247,NULL,NULL),(742,16,'admin',248,NULL,NULL),(743,8,'full',248,NULL,NULL),(744,48,'full',248,NULL,NULL),(745,16,'admin',249,NULL,NULL),(746,8,'full',249,NULL,NULL),(747,48,'full',249,NULL,NULL),(748,16,'admin',250,NULL,NULL),(749,8,'full',250,NULL,NULL),(750,48,'full',250,NULL,NULL),(751,16,'admin',251,NULL,NULL),(752,8,'full',251,NULL,NULL),(753,48,'full',251,NULL,NULL),(754,16,'admin',252,NULL,NULL),(755,8,'full',252,NULL,NULL),(756,48,'full',252,NULL,NULL),(757,16,'admin',253,NULL,NULL),(758,8,'full',253,NULL,NULL),(759,48,'full',253,NULL,NULL),(760,16,'admin',254,NULL,NULL),(761,8,'full',254,NULL,NULL),(762,48,'full',254,NULL,NULL),(763,16,'admin',255,NULL,NULL),(764,8,'full',255,NULL,NULL),(765,48,'full',255,NULL,NULL),(766,16,'admin',256,NULL,NULL),(767,8,'full',256,NULL,NULL),(768,48,'full',256,NULL,NULL),(769,16,'admin',257,NULL,NULL),(770,8,'full',257,NULL,NULL),(771,48,'full',257,NULL,NULL),(772,16,'admin',258,NULL,NULL),(773,8,'full',258,NULL,NULL),(774,48,'full',258,NULL,NULL),(775,16,'admin',259,NULL,NULL),(776,8,'full',259,NULL,NULL),(777,48,'full',259,NULL,NULL),(778,16,'admin',260,NULL,NULL),(779,8,'full',260,NULL,NULL),(780,48,'full',260,NULL,NULL),(781,16,'admin',261,NULL,NULL),(782,8,'full',261,NULL,NULL),(783,48,'full',261,NULL,NULL),(784,16,'admin',262,NULL,NULL),(785,8,'full',262,NULL,NULL),(786,48,'full',262,NULL,NULL),(787,16,'admin',263,NULL,NULL),(788,8,'full',263,NULL,NULL),(789,48,'full',263,NULL,NULL),(790,16,'admin',264,NULL,NULL),(791,8,'full',264,NULL,NULL),(792,48,'full',264,NULL,NULL),(793,16,'admin',265,NULL,NULL),(794,8,'full',265,NULL,NULL),(795,48,'full',265,NULL,NULL),(796,16,'admin',266,NULL,NULL),(797,8,'full',266,NULL,NULL),(798,48,'full',266,NULL,NULL),(799,16,'admin',267,NULL,NULL),(800,8,'full',267,NULL,NULL),(801,48,'full',267,NULL,NULL),(802,16,'admin',268,NULL,NULL),(803,8,'full',268,NULL,NULL),(804,48,'full',268,NULL,NULL),(805,16,'admin',269,NULL,NULL),(806,8,'full',269,NULL,NULL),(807,48,'full',269,NULL,NULL),(808,16,'admin',270,NULL,NULL),(809,8,'full',270,NULL,NULL),(810,48,'full',270,NULL,NULL),(811,16,'admin',271,NULL,NULL),(812,8,'full',271,NULL,NULL),(813,48,'full',271,NULL,NULL),(814,16,'admin',272,NULL,NULL),(815,8,'full',272,NULL,NULL),(816,48,'full',272,NULL,NULL),(817,16,'admin',273,NULL,NULL),(818,8,'full',273,NULL,NULL),(819,48,'full',273,NULL,NULL),(820,16,'admin',274,NULL,NULL),(821,8,'full',274,NULL,NULL),(822,48,'full',274,NULL,NULL),(823,16,'admin',275,NULL,NULL),(824,8,'full',275,NULL,NULL),(825,48,'full',275,NULL,NULL),(826,16,'admin',276,NULL,NULL),(827,8,'full',276,NULL,NULL),(828,48,'full',276,NULL,NULL),(829,16,'admin',277,NULL,NULL),(830,8,'full',277,NULL,NULL),(831,48,'full',277,NULL,NULL),(832,16,'admin',278,NULL,NULL),(833,8,'full',278,NULL,NULL),(834,48,'full',278,NULL,NULL),(835,16,'admin',279,NULL,NULL),(836,8,'full',279,NULL,NULL),(837,48,'full',279,NULL,NULL),(838,16,'admin',280,NULL,NULL),(839,8,'full',280,NULL,NULL),(840,48,'full',280,NULL,NULL),(841,16,'admin',281,NULL,NULL),(842,8,'full',281,NULL,NULL),(843,48,'full',281,NULL,NULL),(844,16,'admin',282,NULL,NULL),(845,8,'full',282,NULL,NULL),(846,48,'full',282,NULL,NULL),(847,16,'admin',283,NULL,NULL),(848,8,'full',283,NULL,NULL),(849,48,'full',283,NULL,NULL),(850,16,'admin',284,NULL,NULL),(851,8,'full',284,NULL,NULL),(852,48,'full',284,NULL,NULL),(853,16,'admin',285,NULL,NULL),(854,8,'full',285,NULL,NULL),(855,48,'full',285,NULL,NULL),(856,16,'admin',286,NULL,NULL),(857,8,'full',286,NULL,NULL),(858,48,'full',286,NULL,NULL),(859,16,'admin',287,NULL,NULL),(860,8,'full',287,NULL,NULL),(861,48,'full',287,NULL,NULL),(862,16,'admin',288,NULL,NULL),(863,8,'full',288,NULL,NULL),(864,48,'full',288,NULL,NULL),(865,16,'admin',289,NULL,NULL),(866,8,'full',289,NULL,NULL),(867,48,'full',289,NULL,NULL),(868,16,'admin',290,NULL,NULL),(869,8,'full',290,NULL,NULL),(870,48,'full',290,NULL,NULL),(871,16,'admin',291,NULL,NULL),(872,8,'full',291,NULL,NULL),(873,48,'full',291,NULL,NULL),(874,16,'admin',292,NULL,NULL),(875,8,'full',292,NULL,NULL),(876,48,'full',292,NULL,NULL),(877,16,'admin',293,NULL,NULL),(878,8,'full',293,NULL,NULL),(879,48,'full',293,NULL,NULL),(880,16,'admin',294,NULL,NULL),(881,8,'full',294,NULL,NULL),(882,48,'full',294,NULL,NULL),(883,16,'admin',295,NULL,NULL),(884,8,'full',295,NULL,NULL),(885,48,'full',295,NULL,NULL),(886,16,'admin',296,NULL,NULL),(887,8,'full',296,NULL,NULL),(888,48,'full',296,NULL,NULL),(889,16,'admin',297,NULL,NULL),(890,8,'full',297,NULL,NULL),(891,48,'full',297,NULL,NULL),(892,16,'admin',298,NULL,NULL),(893,8,'full',298,NULL,NULL),(894,48,'full',298,NULL,NULL),(895,16,'admin',299,NULL,NULL),(896,8,'none',299,NULL,NULL),(897,48,'request',299,NULL,NULL),(898,16,'admin',300,NULL,NULL),(899,8,'none',300,NULL,NULL),(900,48,'none',300,NULL,NULL),(901,16,'admin',301,NULL,NULL),(902,8,'full',301,NULL,NULL),(903,48,'full',301,NULL,NULL),(904,16,'admin',302,NULL,NULL),(905,8,'full',302,NULL,NULL),(906,48,'full',302,NULL,NULL),(907,16,'admin',303,NULL,NULL),(908,8,'full',303,NULL,NULL),(909,48,'full',303,NULL,NULL),(910,16,'admin',304,NULL,NULL),(911,8,'full',304,NULL,NULL),(912,48,'full',304,NULL,NULL),(913,16,'admin',305,NULL,NULL),(914,8,'full',305,NULL,NULL),(915,48,'full',305,NULL,NULL),(916,16,'admin',306,NULL,NULL),(917,8,'full',306,NULL,NULL),(918,48,'full',306,NULL,NULL),(919,16,'admin',307,NULL,NULL),(920,8,'full',307,NULL,NULL),(921,48,'full',307,NULL,NULL),(922,16,'admin',308,NULL,NULL),(923,8,'full',308,NULL,NULL),(924,48,'full',308,NULL,NULL),(925,16,'admin',309,NULL,NULL),(926,8,'full',309,NULL,NULL),(927,48,'full',309,NULL,NULL),(928,16,'admin',310,NULL,NULL),(929,8,'full',310,NULL,NULL),(930,48,'full',310,NULL,NULL),(931,16,'admin',311,NULL,NULL),(932,8,'full',311,NULL,NULL),(933,48,'full',311,NULL,NULL),(934,16,'admin',312,NULL,NULL),(935,8,'full',312,NULL,NULL),(936,48,'full',312,NULL,NULL),(937,16,'admin',313,NULL,NULL),(938,8,'full',313,NULL,NULL),(939,48,'full',313,NULL,NULL),(940,16,'admin',314,NULL,NULL),(941,8,'full',314,NULL,NULL),(942,48,'full',314,NULL,NULL),(943,16,'admin',315,NULL,NULL),(944,8,'full',315,NULL,NULL),(945,48,'full',315,NULL,NULL),(946,16,'admin',316,NULL,NULL),(947,8,'full',316,NULL,NULL),(948,48,'full',316,NULL,NULL),(949,16,'admin',317,NULL,NULL),(950,8,'full',317,NULL,NULL),(951,48,'full',317,NULL,NULL),(952,16,'admin',318,NULL,NULL),(953,8,'full',318,NULL,NULL),(954,48,'full',318,NULL,NULL),(955,16,'admin',319,NULL,NULL),(956,8,'full',319,NULL,NULL),(957,48,'full',319,NULL,NULL),(958,16,'admin',320,NULL,NULL),(959,8,'full',320,NULL,NULL),(960,48,'full',320,NULL,NULL),(961,16,'admin',321,NULL,NULL),(962,8,'full',321,NULL,NULL),(963,48,'full',321,NULL,NULL),(964,16,'admin',322,NULL,NULL),(965,8,'full',322,NULL,NULL),(966,48,'full',322,NULL,NULL),(967,16,'admin',323,NULL,NULL),(968,8,'full',323,NULL,NULL),(969,48,'full',323,NULL,NULL),(970,16,'admin',324,NULL,NULL),(971,8,'full',324,NULL,NULL),(972,48,'full',324,NULL,NULL),(973,16,'admin',325,NULL,NULL),(974,8,'full',325,NULL,NULL),(975,48,'full',325,NULL,NULL),(976,16,'admin',326,NULL,NULL),(977,8,'full',326,NULL,NULL),(978,48,'full',326,NULL,NULL),(979,16,'admin',327,NULL,NULL),(980,8,'full',327,NULL,NULL),(981,48,'full',327,NULL,NULL),(982,16,'admin',328,NULL,NULL),(983,8,'full',328,NULL,NULL),(984,48,'full',328,NULL,NULL),(985,16,'admin',329,NULL,NULL),(986,8,'full',329,NULL,NULL),(987,48,'full',329,NULL,NULL),(988,16,'admin',330,NULL,NULL),(989,8,'full',330,NULL,NULL),(990,48,'full',330,NULL,NULL),(991,16,'admin',331,NULL,NULL),(992,8,'full',331,NULL,NULL),(993,48,'full',331,NULL,NULL),(994,16,'admin',332,NULL,NULL),(995,8,'full',332,NULL,NULL),(996,48,'full',332,NULL,NULL),(997,16,'admin',333,NULL,NULL),(998,8,'full',333,NULL,NULL),(999,48,'full',333,NULL,NULL),(1000,16,'admin',334,NULL,NULL),(1001,8,'full',334,NULL,NULL),(1002,48,'full',334,NULL,NULL),(1003,16,'admin',335,NULL,NULL),(1004,8,'full',335,NULL,NULL),(1005,48,'full',335,NULL,NULL),(1006,16,'admin',336,NULL,NULL),(1007,8,'full',336,NULL,NULL),(1008,48,'full',336,NULL,NULL),(1009,16,'admin',337,NULL,NULL),(1010,8,'full',337,NULL,NULL),(1011,48,'full',337,NULL,NULL),(1012,16,'admin',338,NULL,NULL),(1013,8,'full',338,NULL,NULL),(1014,48,'full',338,NULL,NULL),(1015,16,'admin',339,NULL,NULL),(1016,8,'full',339,NULL,NULL),(1017,48,'full',339,NULL,NULL),(1018,16,'admin',340,NULL,NULL),(1019,8,'full',340,NULL,NULL),(1020,48,'full',340,NULL,NULL),(1021,16,'admin',341,NULL,NULL),(1022,8,'full',341,NULL,NULL),(1023,48,'full',341,NULL,NULL),(1024,16,'admin',342,NULL,NULL),(1025,8,'full',342,NULL,NULL),(1026,48,'full',342,NULL,NULL),(1027,16,'admin',343,NULL,NULL),(1028,8,'full',343,NULL,NULL),(1029,48,'full',343,NULL,NULL),(1030,16,'admin',344,NULL,NULL),(1031,8,'full',344,NULL,NULL),(1032,48,'full',344,NULL,NULL),(1033,16,'admin',345,NULL,NULL),(1034,8,'full',345,NULL,NULL),(1035,48,'full',345,NULL,NULL),(1036,16,'admin',346,NULL,NULL),(1037,8,'full',346,NULL,NULL),(1038,48,'full',346,NULL,NULL),(1039,16,'admin',347,NULL,NULL),(1040,8,'full',347,NULL,NULL),(1041,48,'full',347,NULL,NULL),(1042,16,'admin',348,NULL,NULL),(1043,8,'full',348,NULL,NULL),(1044,48,'full',348,NULL,NULL),(1045,16,'admin',349,NULL,NULL),(1046,8,'full',349,NULL,NULL),(1047,48,'full',349,NULL,NULL),(1048,16,'admin',350,NULL,NULL),(1049,8,'full',350,NULL,NULL),(1050,48,'full',350,NULL,NULL),(1051,16,'admin',351,NULL,NULL),(1052,8,'full',351,NULL,NULL),(1053,48,'full',351,NULL,NULL),(1054,16,'admin',352,NULL,NULL),(1055,8,'full',352,NULL,NULL),(1056,48,'full',352,NULL,NULL),(1057,16,'admin',353,NULL,NULL),(1058,8,'full',353,NULL,NULL),(1059,48,'full',353,NULL,NULL),(1060,16,'admin',354,NULL,NULL),(1061,8,'full',354,NULL,NULL),(1062,48,'full',354,NULL,NULL),(1063,16,'admin',355,NULL,NULL),(1064,8,'full',355,NULL,NULL),(1065,48,'full',355,NULL,NULL),(1066,16,'admin',356,NULL,NULL),(1067,8,'full',356,NULL,NULL),(1068,48,'full',356,NULL,NULL),(1069,16,'admin',357,NULL,NULL),(1070,8,'full',357,NULL,NULL),(1071,48,'full',357,NULL,NULL),(1072,16,'admin',358,NULL,NULL),(1073,8,'full',358,NULL,NULL),(1074,48,'full',358,NULL,NULL),(1075,16,'admin',359,NULL,NULL),(1076,8,'full',359,NULL,NULL),(1077,48,'full',359,NULL,NULL),(1078,16,'admin',360,NULL,NULL),(1079,8,'full',360,NULL,NULL),(1080,48,'full',360,NULL,NULL),(1081,16,'admin',361,NULL,NULL),(1082,8,'full',361,NULL,NULL),(1083,48,'full',361,NULL,NULL),(1084,16,'admin',362,NULL,NULL),(1085,8,'full',362,NULL,NULL),(1086,48,'full',362,NULL,NULL),(1087,16,'admin',363,NULL,NULL),(1088,8,'full',363,NULL,NULL),(1089,48,'full',363,NULL,NULL),(1090,16,'admin',364,NULL,NULL),(1091,8,'full',364,NULL,NULL),(1092,48,'full',364,NULL,NULL),(1093,16,'admin',365,NULL,NULL),(1094,8,'full',365,NULL,NULL),(1095,48,'full',365,NULL,NULL),(1096,16,'admin',366,NULL,NULL),(1097,8,'full',366,NULL,NULL),(1098,48,'full',366,NULL,NULL),(1099,16,'admin',367,NULL,NULL),(1100,8,'full',367,NULL,NULL),(1101,48,'full',367,NULL,NULL),(1102,16,'admin',368,NULL,NULL),(1103,8,'full',368,NULL,NULL),(1104,48,'full',368,NULL,NULL),(1105,16,'admin',369,NULL,NULL),(1106,8,'full',369,NULL,NULL),(1107,48,'full',369,NULL,NULL),(1108,16,'admin',370,NULL,NULL),(1109,8,'full',370,NULL,NULL),(1110,48,'full',370,NULL,NULL),(1111,16,'admin',371,NULL,NULL),(1112,8,'full',371,NULL,NULL),(1113,48,'full',371,NULL,NULL),(1114,16,'admin',372,NULL,NULL),(1115,8,'full',372,NULL,NULL),(1116,48,'full',372,NULL,NULL),(1117,16,'admin',373,NULL,NULL),(1118,8,'full',373,NULL,NULL),(1119,48,'full',373,NULL,NULL),(1120,16,'admin',374,NULL,NULL),(1121,8,'full',374,NULL,NULL),(1122,48,'full',374,NULL,NULL),(1123,16,'admin',375,NULL,NULL),(1124,8,'full',375,NULL,NULL),(1125,48,'full',375,NULL,NULL),(1126,16,'admin',376,NULL,NULL),(1127,8,'full',376,NULL,NULL),(1128,48,'full',376,NULL,NULL),(1129,16,'admin',377,NULL,NULL),(1130,8,'full',377,NULL,NULL),(1131,48,'full',377,NULL,NULL),(1132,16,'admin',378,NULL,NULL),(1133,8,'full',378,NULL,NULL),(1134,48,'full',378,NULL,NULL),(1135,16,'admin',379,NULL,NULL),(1136,8,'full',379,NULL,NULL),(1137,48,'full',379,NULL,NULL),(1138,16,'admin',380,NULL,NULL),(1139,8,'full',380,NULL,NULL),(1140,48,'full',380,NULL,NULL),(1141,16,'admin',381,NULL,NULL),(1142,8,'full',381,NULL,NULL),(1143,48,'full',381,NULL,NULL),(1144,16,'admin',382,NULL,NULL),(1145,8,'full',382,NULL,NULL),(1146,48,'full',382,NULL,NULL),(1147,16,'admin',383,NULL,NULL),(1148,8,'full',383,NULL,NULL),(1149,48,'full',383,NULL,NULL),(1150,16,'admin',384,NULL,NULL),(1151,8,'full',384,NULL,NULL),(1152,48,'full',384,NULL,NULL),(1153,16,'admin',385,NULL,NULL),(1154,8,'full',385,NULL,NULL),(1155,48,'full',385,NULL,NULL),(1156,16,'admin',386,NULL,NULL),(1157,8,'full',386,NULL,NULL),(1158,48,'full',386,NULL,NULL),(1159,16,'admin',387,NULL,NULL),(1160,8,'full',387,NULL,NULL),(1161,48,'full',387,NULL,NULL),(1162,16,'admin',388,NULL,NULL),(1163,8,'full',388,NULL,NULL),(1164,48,'full',388,NULL,NULL),(1165,16,'admin',389,NULL,NULL),(1166,8,'full',389,NULL,NULL),(1167,48,'full',389,NULL,NULL),(1168,16,'admin',390,NULL,NULL),(1169,8,'full',390,NULL,NULL),(1170,48,'full',390,NULL,NULL),(1171,16,'admin',391,NULL,NULL),(1172,8,'full',391,NULL,NULL),(1173,48,'full',391,NULL,NULL),(1174,16,'admin',392,NULL,NULL),(1175,8,'full',392,NULL,NULL),(1176,48,'full',392,NULL,NULL),(1177,16,'admin',393,NULL,NULL),(1178,8,'full',393,NULL,NULL),(1179,48,'full',393,NULL,NULL),(1180,16,'admin',394,NULL,NULL),(1181,8,'full',394,NULL,NULL),(1182,48,'full',394,NULL,NULL),(1183,16,'admin',395,NULL,NULL),(1184,8,'full',395,NULL,NULL),(1185,48,'full',395,NULL,NULL),(1186,16,'admin',396,NULL,NULL),(1187,8,'full',396,NULL,NULL),(1188,48,'full',396,NULL,NULL),(1189,16,'admin',397,NULL,NULL),(1190,8,'full',397,NULL,NULL),(1191,48,'full',397,NULL,NULL),(1192,16,'admin',398,NULL,NULL),(1193,8,'full',398,NULL,NULL),(1194,48,'full',398,NULL,NULL),(1195,16,'admin',399,NULL,NULL),(1196,8,'full',399,NULL,NULL),(1197,48,'full',399,NULL,NULL),(1198,16,'admin',400,NULL,NULL),(1199,8,'full',400,NULL,NULL),(1200,48,'full',400,NULL,NULL),(1201,16,'admin',401,NULL,NULL),(1202,8,'full',401,NULL,NULL),(1203,48,'full',401,NULL,NULL),(1204,16,'admin',402,NULL,NULL),(1205,8,'full',402,NULL,NULL),(1206,48,'full',402,NULL,NULL),(1207,16,'admin',403,NULL,NULL),(1208,8,'full',403,NULL,NULL),(1209,48,'full',403,NULL,NULL),(1210,16,'admin',404,NULL,NULL),(1211,8,'full',404,NULL,NULL),(1212,48,'full',404,NULL,NULL),(1213,16,'admin',405,NULL,NULL),(1214,8,'full',405,NULL,NULL),(1215,48,'full',405,NULL,NULL),(1216,16,'admin',406,NULL,NULL),(1217,8,'full',406,NULL,NULL),(1218,48,'full',406,NULL,NULL),(1219,16,'admin',407,NULL,NULL),(1220,8,'full',407,NULL,NULL),(1221,48,'full',407,NULL,NULL),(1222,16,'admin',408,NULL,NULL),(1223,8,'full',408,NULL,NULL),(1224,48,'full',408,NULL,NULL),(1225,16,'admin',409,NULL,NULL),(1226,8,'full',409,NULL,NULL),(1227,48,'full',409,NULL,NULL),(1228,16,'admin',410,NULL,NULL),(1229,8,'full',410,NULL,NULL),(1230,48,'full',410,NULL,NULL),(1231,16,'admin',411,NULL,NULL),(1232,8,'full',411,NULL,NULL),(1233,48,'full',411,NULL,NULL),(1234,16,'admin',412,NULL,NULL),(1235,8,'full',412,NULL,NULL),(1236,48,'full',412,NULL,NULL),(1237,16,'admin',413,NULL,NULL),(1238,8,'full',413,NULL,NULL),(1239,48,'full',413,NULL,NULL),(1240,16,'admin',414,NULL,NULL),(1241,8,'full',414,NULL,NULL),(1242,48,'full',414,NULL,NULL),(1243,16,'admin',415,NULL,NULL),(1244,8,'full',415,NULL,NULL),(1245,48,'full',415,NULL,NULL),(1246,16,'admin',416,NULL,NULL),(1247,8,'full',416,NULL,NULL),(1248,48,'full',416,NULL,NULL),(1249,16,'admin',417,NULL,NULL),(1250,8,'full',417,NULL,NULL),(1251,48,'full',417,NULL,NULL),(1252,16,'admin',418,NULL,NULL),(1253,8,'full',418,NULL,NULL),(1254,48,'full',418,NULL,NULL),(1255,16,'admin',419,NULL,NULL),(1256,8,'full',419,NULL,NULL),(1257,48,'full',419,NULL,NULL),(1258,16,'admin',420,NULL,NULL),(1259,8,'full',420,NULL,NULL),(1260,48,'full',420,NULL,NULL),(1261,16,'admin',421,NULL,NULL),(1262,8,'full',421,NULL,NULL),(1263,48,'full',421,NULL,NULL),(1264,16,'admin',422,NULL,NULL),(1265,8,'full',422,NULL,NULL),(1266,48,'full',422,NULL,NULL),(1267,16,'admin',423,NULL,NULL),(1268,8,'full',423,NULL,NULL),(1269,48,'full',423,NULL,NULL),(1270,16,'admin',424,NULL,NULL),(1271,8,'full',424,NULL,NULL),(1272,48,'full',424,NULL,NULL),(1273,16,'admin',425,NULL,NULL),(1274,8,'full',425,NULL,NULL),(1275,48,'full',425,NULL,NULL),(1276,16,'admin',426,NULL,NULL),(1277,8,'full',426,NULL,NULL),(1278,48,'full',426,NULL,NULL),(1279,16,'admin',427,NULL,NULL),(1280,8,'full',427,NULL,NULL),(1281,48,'full',427,NULL,NULL),(1282,16,'admin',428,NULL,NULL),(1283,8,'full',428,NULL,NULL),(1284,48,'full',428,NULL,NULL),(1285,16,'admin',429,NULL,NULL),(1286,8,'full',429,NULL,NULL),(1287,48,'full',429,NULL,NULL),(1288,16,'admin',430,NULL,NULL),(1289,8,'full',430,NULL,NULL),(1290,48,'full',430,NULL,NULL),(1291,16,'admin',431,NULL,NULL),(1292,8,'full',431,NULL,NULL),(1293,48,'full',431,NULL,NULL),(1294,16,'admin',432,NULL,NULL),(1295,8,'full',432,NULL,NULL),(1296,48,'full',432,NULL,NULL),(1297,16,'admin',433,NULL,NULL),(1298,8,'full',433,NULL,NULL),(1299,48,'full',433,NULL,NULL),(1300,16,'admin',434,NULL,NULL),(1301,8,'full',434,NULL,NULL),(1302,48,'full',434,NULL,NULL),(1303,16,'admin',435,NULL,NULL),(1304,8,'full',435,NULL,NULL),(1305,48,'full',435,NULL,NULL),(1306,16,'admin',436,NULL,NULL),(1307,8,'full',436,NULL,NULL),(1308,48,'full',436,NULL,NULL),(1309,16,'admin',437,NULL,NULL),(1310,8,'full',437,NULL,NULL),(1311,48,'full',437,NULL,NULL),(1312,16,'admin',438,NULL,NULL),(1313,8,'full',438,NULL,NULL),(1314,48,'full',438,NULL,NULL),(1315,16,'admin',439,NULL,NULL),(1316,8,'full',439,NULL,NULL),(1317,48,'full',439,NULL,NULL),(1318,16,'admin',440,NULL,NULL),(1319,8,'full',440,NULL,NULL),(1320,48,'full',440,NULL,NULL),(1321,16,'admin',441,NULL,NULL),(1322,8,'full',441,NULL,NULL),(1323,48,'full',441,NULL,NULL),(1324,16,'admin',442,NULL,NULL),(1325,8,'full',442,NULL,NULL),(1326,48,'full',442,NULL,NULL),(1327,16,'admin',443,NULL,NULL),(1328,8,'full',443,NULL,NULL),(1329,48,'full',443,NULL,NULL),(1330,16,'admin',444,NULL,NULL),(1331,8,'full',444,NULL,NULL),(1332,48,'full',444,NULL,NULL),(1333,16,'admin',445,NULL,NULL),(1334,8,'full',445,NULL,NULL),(1335,48,'full',445,NULL,NULL),(1336,16,'admin',446,NULL,NULL),(1337,8,'full',446,NULL,NULL),(1338,48,'full',446,NULL,NULL),(1339,16,'admin',447,NULL,NULL),(1340,8,'full',447,NULL,NULL),(1341,48,'full',447,NULL,NULL),(1342,16,'admin',448,NULL,NULL),(1343,8,'full',448,NULL,NULL),(1344,48,'full',448,NULL,NULL),(1345,16,'admin',449,NULL,NULL),(1346,8,'full',449,NULL,NULL),(1347,48,'full',449,NULL,NULL),(1348,16,'admin',450,NULL,NULL),(1349,8,'full',450,NULL,NULL),(1350,48,'full',450,NULL,NULL),(1351,16,'admin',451,NULL,NULL),(1352,8,'full',451,NULL,NULL),(1353,48,'full',451,NULL,NULL),(1354,16,'admin',452,NULL,NULL),(1355,8,'full',452,NULL,NULL),(1356,48,'full',452,NULL,NULL),(1357,16,'admin',453,NULL,NULL),(1358,8,'full',453,NULL,NULL),(1359,48,'full',453,NULL,NULL),(1360,16,'admin',454,NULL,NULL),(1361,8,'full',454,NULL,NULL),(1362,48,'full',454,NULL,NULL),(1363,16,'admin',455,NULL,NULL),(1364,8,'full',455,NULL,NULL),(1365,48,'full',455,NULL,NULL),(1366,16,'admin',456,NULL,NULL),(1367,8,'full',456,NULL,NULL),(1368,48,'full',456,NULL,NULL),(1369,16,'admin',457,NULL,NULL),(1370,8,'full',457,NULL,NULL),(1371,48,'full',457,NULL,NULL),(1372,16,'admin',458,NULL,NULL),(1373,8,'full',458,NULL,NULL),(1374,48,'full',458,NULL,NULL),(1375,16,'admin',459,NULL,NULL),(1376,8,'full',459,NULL,NULL),(1377,48,'full',459,NULL,NULL),(1378,16,'admin',460,NULL,NULL),(1379,8,'full',460,NULL,NULL),(1380,48,'full',460,NULL,NULL),(1381,16,'admin',461,NULL,NULL),(1382,8,'full',461,NULL,NULL),(1383,48,'full',461,NULL,NULL),(1384,16,'admin',462,NULL,NULL),(1385,8,'full',462,NULL,NULL),(1386,48,'full',462,NULL,NULL),(1387,16,'admin',463,NULL,NULL),(1388,8,'full',463,NULL,NULL),(1389,48,'full',463,NULL,NULL),(1390,16,'admin',464,NULL,NULL),(1391,8,'full',464,NULL,NULL),(1392,48,'full',464,NULL,NULL),(1393,16,'admin',465,NULL,NULL),(1394,8,'full',465,NULL,NULL),(1395,48,'full',465,NULL,NULL),(1396,16,'admin',466,NULL,NULL),(1397,8,'full',466,NULL,NULL),(1398,48,'full',466,NULL,NULL),(1399,16,'admin',467,NULL,NULL),(1400,8,'full',467,NULL,NULL),(1401,48,'full',467,NULL,NULL),(1402,16,'admin',468,NULL,NULL),(1403,8,'full',468,NULL,NULL),(1404,48,'full',468,NULL,NULL),(1405,16,'admin',469,NULL,NULL),(1406,8,'full',469,NULL,NULL),(1407,48,'full',469,NULL,NULL),(1408,16,'admin',470,NULL,NULL),(1409,8,'full',470,NULL,NULL),(1410,48,'full',470,NULL,NULL),(1411,16,'admin',471,NULL,NULL),(1412,8,'full',471,NULL,NULL),(1413,48,'full',471,NULL,NULL),(1414,16,'admin',472,NULL,NULL),(1415,8,'full',472,NULL,NULL),(1416,48,'full',472,NULL,NULL),(1417,16,'admin',473,NULL,NULL),(1418,8,'full',473,NULL,NULL),(1419,48,'full',473,NULL,NULL),(1420,16,'admin',474,NULL,NULL),(1421,8,'full',474,NULL,NULL),(1422,48,'full',474,NULL,NULL),(1423,16,'admin',475,NULL,NULL),(1424,8,'full',475,NULL,NULL),(1425,48,'full',475,NULL,NULL),(1426,16,'admin',476,NULL,NULL),(1427,8,'full',476,NULL,NULL),(1428,48,'full',476,NULL,NULL),(1429,16,'admin',477,NULL,NULL),(1430,8,'full',477,NULL,NULL),(1431,48,'full',477,NULL,NULL),(1432,16,'admin',478,NULL,NULL),(1433,8,'full',478,NULL,NULL),(1434,48,'full',478,NULL,NULL),(1435,16,'admin',479,NULL,NULL),(1436,8,'full',479,NULL,NULL),(1437,48,'full',479,NULL,NULL),(1438,16,'admin',480,NULL,NULL),(1439,8,'full',480,NULL,NULL),(1440,48,'full',480,NULL,NULL),(1441,16,'admin',481,NULL,NULL),(1442,8,'full',481,NULL,NULL),(1443,48,'full',481,NULL,NULL),(1444,16,'admin',482,NULL,NULL),(1445,8,'full',482,NULL,NULL),(1446,48,'full',482,NULL,NULL),(1447,16,'admin',483,NULL,NULL),(1448,8,'full',483,NULL,NULL),(1449,48,'full',483,NULL,NULL),(1450,16,'admin',484,NULL,NULL),(1451,8,'full',484,NULL,NULL),(1452,48,'full',484,NULL,NULL),(1453,16,'admin',485,NULL,NULL),(1454,8,'full',485,NULL,NULL),(1455,48,'full',485,NULL,NULL),(1456,16,'admin',486,NULL,NULL),(1457,8,'full',486,NULL,NULL),(1458,48,'full',486,NULL,NULL),(1459,16,'admin',487,NULL,NULL),(1460,8,'full',487,NULL,NULL),(1461,48,'full',487,NULL,NULL),(1462,16,'admin',488,NULL,NULL),(1463,8,'full',488,NULL,NULL),(1464,48,'full',488,NULL,NULL),(1465,16,'admin',489,NULL,NULL),(1466,8,'full',489,NULL,NULL),(1467,48,'full',489,NULL,NULL),(1468,16,'admin',490,NULL,NULL),(1469,8,'full',490,NULL,NULL),(1470,48,'full',490,NULL,NULL),(1471,16,'admin',491,NULL,NULL),(1472,8,'full',491,NULL,NULL),(1473,48,'full',491,NULL,NULL),(1474,16,'admin',492,NULL,NULL),(1475,8,'full',492,NULL,NULL),(1476,48,'full',492,NULL,NULL),(1477,16,'admin',493,NULL,NULL),(1478,8,'full',493,NULL,NULL),(1479,48,'full',493,NULL,NULL),(1480,16,'admin',494,NULL,NULL),(1481,8,'full',494,NULL,NULL),(1482,48,'full',494,NULL,NULL),(1483,16,'admin',495,NULL,NULL),(1484,8,'full',495,NULL,NULL),(1485,48,'full',495,NULL,NULL),(1486,16,'admin',496,NULL,NULL),(1487,8,'full',496,NULL,NULL),(1488,48,'full',496,NULL,NULL),(1489,16,'admin',497,NULL,NULL),(1490,8,'full',497,NULL,NULL),(1491,48,'full',497,NULL,NULL),(1492,16,'admin',498,NULL,NULL),(1493,8,'full',498,NULL,NULL),(1494,48,'full',498,NULL,NULL),(1495,16,'admin',499,NULL,NULL),(1496,8,'full',499,NULL,NULL),(1497,48,'full',499,NULL,NULL),(1498,16,'admin',500,NULL,NULL),(1499,8,'full',500,NULL,NULL),(1500,48,'full',500,NULL,NULL),(1501,16,'admin',501,NULL,NULL),(1502,8,'full',501,NULL,NULL),(1503,48,'full',501,NULL,NULL),(1504,16,'admin',502,NULL,NULL),(1505,8,'full',502,NULL,NULL),(1506,48,'full',502,NULL,NULL),(1507,16,'admin',503,NULL,NULL),(1508,8,'full',503,NULL,NULL),(1509,48,'full',503,NULL,NULL),(1510,16,'admin',504,NULL,NULL),(1511,8,'full',504,NULL,NULL),(1512,48,'full',504,NULL,NULL),(1513,16,'admin',505,NULL,NULL),(1514,8,'full',505,NULL,NULL),(1515,48,'full',505,NULL,NULL),(1516,16,'admin',506,NULL,NULL),(1517,8,'full',506,NULL,NULL),(1518,48,'full',506,NULL,NULL),(1519,16,'admin',507,NULL,NULL),(1520,8,'full',507,NULL,NULL),(1521,48,'full',507,NULL,NULL),(1522,16,'admin',508,NULL,NULL),(1523,8,'full',508,NULL,NULL),(1524,48,'full',508,NULL,NULL),(1525,16,'admin',509,NULL,NULL),(1526,8,'full',509,NULL,NULL),(1527,48,'full',509,NULL,NULL),(1528,16,'admin',510,NULL,NULL),(1529,8,'full',510,NULL,NULL),(1530,48,'full',510,NULL,NULL),(1531,16,'admin',511,NULL,NULL),(1532,8,'full',511,NULL,NULL),(1533,48,'full',511,NULL,NULL),(1534,16,'admin',512,NULL,NULL),(1535,8,'full',512,NULL,NULL),(1536,48,'full',512,NULL,NULL),(1537,16,'admin',513,NULL,NULL),(1538,8,'full',513,NULL,NULL),(1539,48,'full',513,NULL,NULL),(1540,16,'admin',514,NULL,NULL),(1541,8,'full',514,NULL,NULL),(1542,48,'full',514,NULL,NULL),(1543,16,'admin',515,NULL,NULL),(1544,8,'full',515,NULL,NULL),(1545,48,'full',515,NULL,NULL),(1546,16,'admin',516,NULL,NULL),(1547,8,'full',516,NULL,NULL),(1548,48,'full',516,NULL,NULL),(1549,16,'admin',517,NULL,NULL),(1550,8,'full',517,NULL,NULL),(1551,48,'full',517,NULL,NULL),(1552,16,'admin',518,NULL,NULL),(1553,8,'full',518,NULL,NULL),(1554,48,'full',518,NULL,NULL),(1555,16,'admin',519,NULL,NULL),(1556,8,'full',519,NULL,NULL),(1557,48,'full',519,NULL,NULL),(1558,16,'admin',520,NULL,NULL),(1559,8,'full',520,NULL,NULL),(1560,48,'full',520,NULL,NULL),(1561,16,'admin',521,NULL,NULL),(1562,8,'full',521,NULL,NULL),(1563,48,'full',521,NULL,NULL),(1564,16,'admin',522,NULL,NULL),(1565,8,'full',522,NULL,NULL),(1566,48,'full',522,NULL,NULL),(1567,16,'admin',523,NULL,NULL),(1568,8,'full',523,NULL,NULL),(1569,48,'full',523,NULL,NULL),(1570,16,'admin',524,NULL,NULL),(1571,8,'full',524,NULL,NULL),(1572,48,'full',524,NULL,NULL),(1573,16,'admin',525,NULL,NULL),(1574,8,'full',525,NULL,NULL),(1575,48,'full',525,NULL,NULL),(1576,16,'admin',526,NULL,NULL),(1577,8,'full',526,NULL,NULL),(1578,48,'full',526,NULL,NULL),(1579,16,'admin',527,NULL,NULL),(1580,8,'full',527,NULL,NULL),(1581,48,'full',527,NULL,NULL),(1582,16,'admin',528,NULL,NULL),(1583,8,'full',528,NULL,NULL),(1584,48,'full',528,NULL,NULL),(1585,16,'admin',529,NULL,NULL),(1586,8,'full',529,NULL,NULL),(1587,48,'full',529,NULL,NULL),(1588,16,'admin',530,NULL,NULL),(1589,8,'full',530,NULL,NULL),(1590,48,'full',530,NULL,NULL),(1591,16,'admin',531,NULL,NULL),(1592,8,'full',531,NULL,NULL),(1593,48,'full',531,NULL,NULL),(1594,16,'admin',532,NULL,NULL),(1595,8,'full',532,NULL,NULL),(1596,48,'full',532,NULL,NULL),(1597,16,'admin',533,NULL,NULL),(1598,8,'full',533,NULL,NULL),(1599,48,'full',533,NULL,NULL),(1600,16,'admin',534,NULL,NULL),(1601,8,'full',534,NULL,NULL),(1602,48,'full',534,NULL,NULL),(1603,16,'admin',535,NULL,NULL),(1604,8,'full',535,NULL,NULL),(1605,48,'full',535,NULL,NULL),(1606,16,'admin',536,NULL,NULL),(1607,8,'full',536,NULL,NULL),(1608,48,'full',536,NULL,NULL),(1609,16,'admin',537,NULL,NULL),(1610,8,'full',537,NULL,NULL),(1611,48,'full',537,NULL,NULL),(1612,16,'admin',538,NULL,NULL),(1613,8,'full',538,NULL,NULL),(1614,48,'full',538,NULL,NULL),(1615,16,'admin',539,NULL,NULL),(1616,8,'full',539,NULL,NULL),(1617,48,'full',539,NULL,NULL),(1618,16,'admin',540,NULL,NULL),(1619,8,'full',540,NULL,NULL),(1620,48,'full',540,NULL,NULL),(1621,16,'admin',541,NULL,NULL),(1622,8,'full',541,NULL,NULL),(1623,48,'full',541,NULL,NULL),(1624,16,'admin',542,NULL,NULL),(1625,8,'full',542,NULL,NULL),(1626,48,'full',542,NULL,NULL),(1627,16,'admin',543,NULL,NULL),(1628,8,'full',543,NULL,NULL),(1629,48,'full',543,NULL,NULL),(1630,16,'admin',544,NULL,NULL),(1631,8,'full',544,NULL,NULL),(1632,48,'full',544,NULL,NULL),(1633,16,'admin',545,NULL,NULL),(1634,8,'full',545,NULL,NULL),(1635,48,'full',545,NULL,NULL),(1636,16,'admin',546,NULL,NULL),(1637,8,'full',546,NULL,NULL),(1638,48,'full',546,NULL,NULL),(1639,16,'admin',547,NULL,NULL),(1640,8,'full',547,NULL,NULL),(1641,48,'full',547,NULL,NULL),(1642,16,'admin',548,NULL,NULL),(1643,8,'full',548,NULL,NULL),(1644,48,'full',548,NULL,NULL),(1645,16,'admin',549,NULL,NULL),(1646,8,'full',549,NULL,NULL),(1647,48,'full',549,NULL,NULL),(1648,16,'admin',550,NULL,NULL),(1649,8,'full',550,NULL,NULL),(1650,48,'full',550,NULL,NULL),(1651,16,'admin',551,NULL,NULL),(1652,8,'full',551,NULL,NULL),(1653,48,'full',551,NULL,NULL),(1654,16,'admin',552,NULL,NULL),(1655,8,'full',552,NULL,NULL),(1656,48,'full',552,NULL,NULL),(1657,16,'admin',553,NULL,NULL),(1658,8,'full',553,NULL,NULL),(1659,48,'full',553,NULL,NULL),(1660,16,'admin',554,NULL,NULL),(1661,8,'full',554,NULL,NULL),(1662,48,'full',554,NULL,NULL),(1663,16,'admin',555,NULL,NULL),(1664,8,'full',555,NULL,NULL),(1665,48,'full',555,NULL,NULL),(1666,16,'admin',556,NULL,NULL),(1667,8,'full',556,NULL,NULL),(1668,48,'full',556,NULL,NULL),(1669,16,'admin',557,NULL,NULL),(1670,8,'full',557,NULL,NULL),(1671,48,'full',557,NULL,NULL),(1672,16,'admin',558,NULL,NULL),(1673,8,'full',558,NULL,NULL),(1674,48,'full',558,NULL,NULL),(1675,16,'admin',559,NULL,NULL),(1676,8,'full',559,NULL,NULL),(1677,48,'full',559,NULL,NULL),(1678,16,'admin',560,NULL,NULL),(1679,8,'full',560,NULL,NULL),(1680,48,'full',560,NULL,NULL),(1681,16,'admin',561,NULL,NULL),(1682,8,'full',561,NULL,NULL),(1683,48,'full',561,NULL,NULL),(1684,16,'admin',562,NULL,NULL),(1685,8,'full',562,NULL,NULL),(1686,48,'full',562,NULL,NULL),(1687,16,'admin',563,NULL,NULL),(1688,8,'full',563,NULL,NULL),(1689,48,'full',563,NULL,NULL),(1690,16,'admin',564,NULL,NULL),(1691,8,'full',564,NULL,NULL),(1692,48,'full',564,NULL,NULL),(1693,16,'admin',565,NULL,NULL),(1694,8,'full',565,NULL,NULL),(1695,48,'full',565,NULL,NULL),(1696,16,'admin',566,NULL,NULL),(1697,8,'full',566,NULL,NULL),(1698,48,'full',566,NULL,NULL),(1699,16,'admin',567,NULL,NULL),(1700,8,'full',567,NULL,NULL),(1701,48,'full',567,NULL,NULL),(1702,16,'admin',568,NULL,NULL),(1703,8,'full',568,NULL,NULL),(1704,48,'full',568,NULL,NULL),(1705,16,'admin',569,NULL,NULL),(1706,8,'full',569,NULL,NULL),(1707,48,'full',569,NULL,NULL),(1708,16,'admin',570,NULL,NULL),(1709,8,'full',570,NULL,NULL),(1710,48,'full',570,NULL,NULL),(1711,16,'admin',571,NULL,NULL),(1712,8,'full',571,NULL,NULL),(1713,48,'full',571,NULL,NULL),(1714,16,'admin',572,NULL,NULL),(1715,8,'full',572,NULL,NULL),(1716,48,'full',572,NULL,NULL),(1717,16,'admin',573,NULL,NULL),(1718,8,'full',573,NULL,NULL),(1719,48,'full',573,NULL,NULL),(1720,16,'admin',574,NULL,NULL),(1721,8,'full',574,NULL,NULL),(1722,48,'full',574,NULL,NULL),(1723,16,'admin',575,NULL,NULL),(1724,8,'full',575,NULL,NULL),(1725,48,'full',575,NULL,NULL),(1726,16,'admin',576,NULL,NULL),(1727,8,'full',576,NULL,NULL),(1728,48,'full',576,NULL,NULL),(1729,16,'admin',577,NULL,NULL),(1730,8,'full',577,NULL,NULL),(1731,48,'full',577,NULL,NULL),(1732,16,'admin',578,NULL,NULL),(1733,8,'full',578,NULL,NULL),(1734,48,'full',578,NULL,NULL),(1735,16,'admin',579,NULL,NULL),(1736,8,'full',579,NULL,NULL),(1737,48,'full',579,NULL,NULL),(1738,16,'admin',580,NULL,NULL),(1739,8,'full',580,NULL,NULL),(1740,48,'full',580,NULL,NULL),(1741,16,'admin',581,NULL,NULL),(1742,8,'full',581,NULL,NULL),(1743,48,'full',581,NULL,NULL),(1744,16,'admin',582,NULL,NULL),(1745,8,'full',582,NULL,NULL),(1746,48,'full',582,NULL,NULL),(1747,16,'admin',583,NULL,NULL),(1748,8,'full',583,NULL,NULL),(1749,48,'full',583,NULL,NULL),(1750,16,'admin',584,NULL,NULL),(1751,8,'full',584,NULL,NULL),(1752,48,'full',584,NULL,NULL),(1753,16,'admin',585,NULL,NULL),(1754,8,'full',585,NULL,NULL),(1755,48,'full',585,NULL,NULL),(1756,16,'admin',586,NULL,NULL),(1757,8,'full',586,NULL,NULL),(1758,48,'full',586,NULL,NULL),(1759,16,'admin',587,NULL,NULL),(1760,8,'full',587,NULL,NULL),(1761,48,'full',587,NULL,NULL),(1762,16,'admin',588,NULL,NULL),(1763,8,'full',588,NULL,NULL),(1764,48,'full',588,NULL,NULL),(1765,16,'admin',589,NULL,NULL),(1766,8,'full',589,NULL,NULL),(1767,48,'full',589,NULL,NULL),(1768,16,'admin',590,NULL,NULL),(1769,8,'full',590,NULL,NULL),(1770,48,'full',590,NULL,NULL),(1771,16,'admin',591,NULL,NULL),(1772,8,'full',591,NULL,NULL),(1773,48,'full',591,NULL,NULL),(1774,16,'admin',592,NULL,NULL),(1775,8,'full',592,NULL,NULL),(1776,48,'full',592,NULL,NULL),(1777,16,'admin',593,NULL,NULL),(1778,8,'full',593,NULL,NULL),(1779,48,'full',593,NULL,NULL),(1780,16,'admin',594,NULL,NULL),(1781,8,'full',594,NULL,NULL),(1782,48,'full',594,NULL,NULL),(1783,16,'admin',595,NULL,NULL),(1784,8,'full',595,NULL,NULL),(1785,48,'full',595,NULL,NULL),(1786,16,'admin',596,NULL,NULL),(1787,8,'full',596,NULL,NULL),(1788,48,'full',596,NULL,NULL),(1789,16,'admin',597,NULL,NULL),(1790,8,'full',597,NULL,NULL),(1791,48,'full',597,NULL,NULL),(1792,16,'admin',598,NULL,NULL),(1793,8,'full',598,NULL,NULL),(1794,48,'full',598,NULL,NULL),(1795,16,'admin',599,NULL,NULL),(1796,8,'full',599,NULL,NULL),(1797,48,'full',599,NULL,NULL),(1798,16,'admin',600,NULL,NULL),(1799,8,'full',600,NULL,NULL),(1800,48,'full',600,NULL,NULL),(1801,16,'admin',601,NULL,NULL),(1802,8,'full',601,NULL,NULL),(1803,48,'full',601,NULL,NULL),(1804,16,'admin',602,NULL,NULL),(1805,8,'full',602,NULL,NULL),(1806,48,'full',602,NULL,NULL),(1807,16,'admin',603,NULL,NULL),(1808,8,'full',603,NULL,NULL),(1809,48,'full',603,NULL,NULL),(1810,16,'admin',604,NULL,NULL),(1811,8,'full',604,NULL,NULL),(1812,48,'full',604,NULL,NULL),(1813,16,'admin',605,NULL,NULL),(1814,8,'full',605,NULL,NULL),(1815,48,'full',605,NULL,NULL),(1816,16,'admin',606,NULL,NULL),(1817,8,'full',606,NULL,NULL),(1818,48,'full',606,NULL,NULL),(1819,16,'admin',607,NULL,NULL),(1820,8,'full',607,NULL,NULL),(1821,48,'full',607,NULL,NULL),(1822,16,'admin',608,NULL,NULL),(1823,8,'full',608,NULL,NULL),(1824,48,'full',608,NULL,NULL),(1825,16,'admin',609,NULL,NULL),(1826,8,'full',609,NULL,NULL),(1827,48,'full',609,NULL,NULL),(1828,16,'admin',610,NULL,NULL),(1829,8,'full',610,NULL,NULL),(1830,48,'full',610,NULL,NULL),(1831,16,'admin',611,NULL,NULL),(1832,8,'full',611,NULL,NULL),(1833,48,'full',611,NULL,NULL),(1834,16,'admin',612,NULL,NULL),(1835,8,'full',612,NULL,NULL),(1836,48,'full',612,NULL,NULL),(1837,16,'admin',613,NULL,NULL),(1838,8,'full',613,NULL,NULL),(1839,48,'full',613,NULL,NULL),(1840,16,'admin',614,NULL,NULL),(1841,8,'full',614,NULL,NULL),(1842,48,'full',614,NULL,NULL),(1843,16,'admin',615,NULL,NULL),(1844,8,'full',615,NULL,NULL),(1845,48,'full',615,NULL,NULL),(1846,16,'admin',616,NULL,NULL),(1847,8,'full',616,NULL,NULL),(1848,48,'full',616,NULL,NULL),(1849,16,'admin',617,NULL,NULL),(1850,8,'full',617,NULL,NULL),(1851,48,'full',617,NULL,NULL),(1852,16,'admin',618,NULL,NULL),(1853,8,'full',618,NULL,NULL),(1854,48,'full',618,NULL,NULL),(1855,16,'admin',619,NULL,NULL),(1856,8,'full',619,NULL,NULL),(1857,48,'full',619,NULL,NULL),(1858,16,'admin',620,NULL,NULL),(1859,8,'full',620,NULL,NULL),(1860,48,'full',620,NULL,NULL),(1861,16,'admin',621,NULL,NULL),(1862,8,'full',621,NULL,NULL),(1863,48,'full',621,NULL,NULL),(1864,16,'admin',622,NULL,NULL),(1865,8,'full',622,NULL,NULL),(1866,48,'full',622,NULL,NULL),(1867,16,'admin',623,NULL,NULL),(1868,8,'full',623,NULL,NULL),(1869,48,'full',623,NULL,NULL),(1870,16,'admin',624,NULL,NULL),(1871,8,'full',624,NULL,NULL),(1872,48,'full',624,NULL,NULL),(1873,16,'admin',625,NULL,NULL),(1874,8,'full',625,NULL,NULL),(1875,48,'full',625,NULL,NULL),(1876,16,'admin',626,NULL,NULL),(1877,8,'full',626,NULL,NULL),(1878,48,'full',626,NULL,NULL),(1879,16,'admin',627,NULL,NULL),(1880,8,'full',627,NULL,NULL),(1881,48,'full',627,NULL,NULL),(1882,16,'admin',628,NULL,NULL),(1883,8,'full',628,NULL,NULL),(1884,48,'full',628,NULL,NULL),(1885,16,'admin',629,NULL,NULL),(1886,8,'full',629,NULL,NULL),(1887,48,'full',629,NULL,NULL),(1888,16,'admin',630,NULL,NULL),(1889,8,'full',630,NULL,NULL),(1890,48,'full',630,NULL,NULL),(1891,16,'admin',631,NULL,NULL),(1892,8,'full',631,NULL,NULL),(1893,48,'full',631,NULL,NULL),(1894,16,'admin',632,NULL,NULL),(1895,8,'full',632,NULL,NULL),(1896,48,'full',632,NULL,NULL),(1897,16,'admin',633,NULL,NULL),(1898,8,'full',633,NULL,NULL),(1899,48,'full',633,NULL,NULL),(1900,16,'admin',634,NULL,NULL),(1901,8,'full',634,NULL,NULL),(1902,48,'full',634,NULL,NULL),(1903,16,'admin',635,NULL,NULL),(1904,8,'full',635,NULL,NULL),(1905,48,'full',635,NULL,NULL),(1906,16,'admin',636,NULL,NULL),(1907,8,'full',636,NULL,NULL),(1908,48,'full',636,NULL,NULL),(1909,16,'admin',637,NULL,NULL),(1910,8,'full',637,NULL,NULL),(1911,48,'full',637,NULL,NULL),(1912,16,'admin',638,NULL,NULL),(1913,8,'full',638,NULL,NULL),(1914,48,'full',638,NULL,NULL),(1915,16,'admin',639,NULL,NULL),(1916,8,'full',639,NULL,NULL),(1917,48,'full',639,NULL,NULL),(1918,16,'admin',640,NULL,NULL),(1919,8,'full',640,NULL,NULL),(1920,48,'full',640,NULL,NULL),(1921,16,'admin',641,NULL,NULL),(1922,8,'full',641,NULL,NULL),(1923,48,'full',641,NULL,NULL),(1924,16,'admin',642,NULL,NULL),(1925,8,'full',642,NULL,NULL),(1926,48,'full',642,NULL,NULL),(1927,16,'admin',643,NULL,NULL),(1928,8,'full',643,NULL,NULL),(1929,48,'full',643,NULL,NULL),(1930,16,'admin',644,NULL,NULL),(1931,8,'full',644,NULL,NULL),(1932,48,'full',644,NULL,NULL),(1933,16,'admin',645,NULL,NULL),(1934,8,'full',645,NULL,NULL),(1935,48,'full',645,NULL,NULL),(1936,16,'admin',646,NULL,NULL),(1937,8,'full',646,NULL,NULL),(1938,48,'full',646,NULL,NULL),(1939,16,'admin',647,NULL,NULL),(1940,8,'full',647,NULL,NULL),(1941,48,'full',647,NULL,NULL),(1942,16,'admin',648,NULL,NULL),(1943,8,'full',648,NULL,NULL),(1944,48,'full',648,NULL,NULL),(1945,16,'admin',649,NULL,NULL),(1946,8,'full',649,NULL,NULL),(1947,48,'full',649,NULL,NULL),(1948,16,'admin',650,NULL,NULL),(1949,8,'full',650,NULL,NULL),(1950,48,'full',650,NULL,NULL),(1951,16,'admin',651,NULL,NULL),(1952,8,'full',651,NULL,NULL),(1953,48,'full',651,NULL,NULL),(1954,16,'admin',652,NULL,NULL),(1955,8,'full',652,NULL,NULL),(1956,48,'full',652,NULL,NULL),(1957,16,'admin',653,NULL,NULL),(1958,8,'full',653,NULL,NULL),(1959,48,'full',653,NULL,NULL),(1960,16,'admin',654,NULL,NULL),(1961,8,'full',654,NULL,NULL),(1962,48,'full',654,NULL,NULL),(1963,16,'admin',655,NULL,NULL),(1964,8,'full',655,NULL,NULL),(1965,48,'full',655,NULL,NULL),(1966,16,'admin',656,NULL,NULL),(1967,8,'full',656,NULL,NULL),(1968,48,'full',656,NULL,NULL),(1969,16,'admin',657,NULL,NULL),(1970,8,'full',657,NULL,NULL),(1971,48,'full',657,NULL,NULL),(1972,16,'admin',658,NULL,NULL),(1973,8,'full',658,NULL,NULL),(1974,48,'full',658,NULL,NULL),(1975,16,'admin',659,NULL,NULL),(1976,8,'full',659,NULL,NULL),(1977,48,'full',659,NULL,NULL),(1978,16,'admin',660,NULL,NULL),(1979,8,'full',660,NULL,NULL),(1980,48,'full',660,NULL,NULL),(1981,16,'admin',661,NULL,NULL),(1982,8,'full',661,NULL,NULL),(1983,48,'full',661,NULL,NULL),(1984,16,'admin',662,NULL,NULL),(1985,8,'full',662,NULL,NULL),(1986,48,'full',662,NULL,NULL),(1987,16,'admin',663,NULL,NULL),(1988,8,'full',663,NULL,NULL),(1989,48,'full',663,NULL,NULL),(1990,16,'admin',664,NULL,NULL),(1991,8,'full',664,NULL,NULL),(1992,48,'full',664,NULL,NULL),(1993,16,'admin',665,NULL,NULL),(1994,8,'full',665,NULL,NULL),(1995,48,'full',665,NULL,NULL),(1996,16,'admin',666,NULL,NULL),(1997,8,'full',666,NULL,NULL),(1998,48,'full',666,NULL,NULL),(1999,16,'admin',667,NULL,NULL),(2000,8,'full',667,NULL,NULL),(2001,48,'full',667,NULL,NULL),(2002,16,'admin',668,NULL,NULL),(2003,8,'full',668,NULL,NULL),(2004,48,'full',668,NULL,NULL),(2005,16,'admin',669,NULL,NULL),(2006,8,'full',669,NULL,NULL),(2007,48,'full',669,NULL,NULL),(2008,16,'admin',670,NULL,NULL),(2009,8,'full',670,NULL,NULL),(2010,48,'full',670,NULL,NULL),(2011,16,'admin',671,NULL,NULL),(2012,8,'full',671,NULL,NULL),(2013,48,'full',671,NULL,NULL),(2014,16,'admin',672,NULL,NULL),(2015,8,'full',672,NULL,NULL),(2016,48,'full',672,NULL,NULL),(2017,16,'admin',673,NULL,NULL),(2018,8,'full',673,NULL,NULL),(2019,48,'full',673,NULL,NULL),(2020,16,'admin',674,NULL,NULL),(2021,8,'full',674,NULL,NULL),(2022,48,'full',674,NULL,NULL),(2023,16,'admin',675,NULL,NULL),(2024,8,'full',675,NULL,NULL),(2025,48,'full',675,NULL,NULL),(2026,16,'admin',676,NULL,NULL),(2027,8,'full',676,NULL,NULL),(2028,48,'full',676,NULL,NULL),(2029,16,'admin',677,NULL,NULL),(2030,8,'full',677,NULL,NULL),(2031,48,'full',677,NULL,NULL),(2032,16,'admin',678,NULL,NULL),(2033,8,'full',678,NULL,NULL),(2034,48,'full',678,NULL,NULL),(2035,16,'admin',679,NULL,NULL),(2036,8,'full',679,NULL,NULL),(2037,48,'full',679,NULL,NULL),(2038,16,'admin',680,NULL,NULL),(2039,8,'full',680,NULL,NULL),(2040,48,'full',680,NULL,NULL),(2041,16,'admin',681,NULL,NULL),(2042,8,'full',681,NULL,NULL),(2043,48,'full',681,NULL,NULL),(2044,16,'admin',682,NULL,NULL),(2045,8,'full',682,NULL,NULL),(2046,48,'full',682,NULL,NULL),(2047,16,'admin',683,NULL,NULL),(2048,8,'full',683,NULL,NULL),(2049,48,'full',683,NULL,NULL),(2050,16,'admin',684,NULL,NULL),(2051,8,'full',684,NULL,NULL),(2052,48,'full',684,NULL,NULL),(2053,16,'admin',685,NULL,NULL),(2054,8,'full',685,NULL,NULL),(2055,48,'full',685,NULL,NULL),(2056,16,'admin',686,NULL,NULL),(2057,8,'full',686,NULL,NULL),(2058,48,'full',686,NULL,NULL),(2059,16,'admin',687,NULL,NULL),(2060,8,'full',687,NULL,NULL),(2061,48,'full',687,NULL,NULL),(2062,16,'admin',688,NULL,NULL),(2063,8,'full',688,NULL,NULL),(2064,48,'full',688,NULL,NULL),(2065,16,'admin',689,NULL,NULL),(2066,8,'full',689,NULL,NULL),(2067,48,'full',689,NULL,NULL),(2068,16,'admin',690,NULL,NULL),(2069,8,'full',690,NULL,NULL),(2070,48,'full',690,NULL,NULL),(2071,16,'admin',691,NULL,NULL),(2072,8,'full',691,NULL,NULL),(2073,48,'full',691,NULL,NULL),(2074,16,'admin',692,NULL,NULL),(2075,8,'full',692,NULL,NULL),(2076,48,'full',692,NULL,NULL),(2077,16,'admin',693,NULL,NULL),(2078,8,'full',693,NULL,NULL),(2079,48,'full',693,NULL,NULL),(2080,16,'admin',694,NULL,NULL),(2081,8,'full',694,NULL,NULL),(2082,48,'full',694,NULL,NULL),(2083,16,'admin',695,NULL,NULL),(2084,8,'full',695,NULL,NULL),(2085,48,'full',695,NULL,NULL),(2086,16,'admin',696,NULL,NULL),(2087,8,'full',696,NULL,NULL),(2088,48,'full',696,NULL,NULL),(2089,16,'admin',697,NULL,NULL),(2090,8,'full',697,NULL,NULL),(2091,48,'full',697,NULL,NULL),(2092,16,'admin',698,NULL,NULL),(2093,8,'full',698,NULL,NULL),(2094,48,'full',698,NULL,NULL),(2095,16,'admin',699,NULL,NULL),(2096,8,'full',699,NULL,NULL),(2097,48,'full',699,NULL,NULL),(2098,16,'admin',700,NULL,NULL),(2099,8,'full',700,NULL,NULL),(2100,48,'full',700,NULL,NULL),(2101,16,'admin',701,NULL,NULL),(2102,8,'full',701,NULL,NULL),(2103,48,'full',701,NULL,NULL),(2104,16,'admin',702,NULL,NULL),(2105,8,'full',702,NULL,NULL),(2106,48,'full',702,NULL,NULL),(2107,16,'admin',703,NULL,NULL),(2108,8,'full',703,NULL,NULL),(2109,48,'full',703,NULL,NULL),(2110,16,'admin',704,NULL,NULL),(2111,8,'full',704,NULL,NULL),(2112,48,'full',704,NULL,NULL),(2113,16,'admin',705,NULL,NULL),(2114,8,'full',705,NULL,NULL),(2115,48,'full',705,NULL,NULL),(2116,16,'admin',706,NULL,NULL),(2117,8,'full',706,NULL,NULL),(2118,48,'full',706,NULL,NULL),(2119,16,'admin',707,NULL,NULL),(2120,8,'full',707,NULL,NULL),(2121,48,'full',707,NULL,NULL),(2122,16,'admin',708,NULL,NULL),(2123,8,'full',708,NULL,NULL),(2124,48,'full',708,NULL,NULL),(2125,16,'admin',709,NULL,NULL),(2126,8,'full',709,NULL,NULL),(2127,48,'full',709,NULL,NULL),(2128,16,'admin',710,NULL,NULL),(2129,8,'full',710,NULL,NULL),(2130,48,'full',710,NULL,NULL),(2131,16,'admin',711,NULL,NULL),(2132,8,'full',711,NULL,NULL),(2133,48,'full',711,NULL,NULL),(2134,16,'admin',712,NULL,NULL),(2135,8,'full',712,NULL,NULL),(2136,48,'full',712,NULL,NULL),(2137,16,'admin',713,NULL,NULL),(2138,8,'full',713,NULL,NULL),(2139,48,'full',713,NULL,NULL),(2140,16,'admin',714,NULL,NULL),(2141,8,'full',714,NULL,NULL),(2142,48,'full',714,NULL,NULL),(2143,16,'admin',715,NULL,NULL),(2144,8,'full',715,NULL,NULL),(2145,48,'full',715,NULL,NULL),(2146,16,'admin',716,NULL,NULL),(2147,8,'full',716,NULL,NULL),(2148,48,'full',716,NULL,NULL),(2149,16,'admin',717,NULL,NULL),(2150,8,'full',717,NULL,NULL),(2151,48,'full',717,NULL,NULL),(2152,16,'admin',718,NULL,NULL),(2153,8,'full',718,NULL,NULL),(2154,48,'full',718,NULL,NULL),(2155,16,'admin',719,NULL,NULL),(2156,8,'full',719,NULL,NULL),(2157,48,'full',719,NULL,NULL),(2158,16,'admin',720,NULL,NULL),(2159,8,'full',720,NULL,NULL),(2160,48,'full',720,NULL,NULL),(2161,16,'admin',721,NULL,NULL),(2162,8,'full',721,NULL,NULL),(2163,48,'full',721,NULL,NULL),(2164,16,'admin',722,NULL,NULL),(2165,8,'full',722,NULL,NULL),(2166,48,'full',722,NULL,NULL),(2167,16,'admin',723,NULL,NULL),(2168,8,'full',723,NULL,NULL),(2169,48,'full',723,NULL,NULL),(2170,16,'admin',724,NULL,NULL),(2171,8,'full',724,NULL,NULL),(2172,48,'full',724,NULL,NULL),(2173,16,'admin',725,NULL,NULL),(2174,8,'full',725,NULL,NULL),(2175,48,'full',725,NULL,NULL),(2176,16,'admin',726,NULL,NULL),(2177,8,'full',726,NULL,NULL),(2178,48,'full',726,NULL,NULL),(2179,16,'admin',727,NULL,NULL),(2180,8,'full',727,NULL,NULL),(2181,48,'full',727,NULL,NULL),(2182,16,'admin',728,NULL,NULL),(2183,8,'full',728,NULL,NULL),(2184,48,'full',728,NULL,NULL),(2185,16,'admin',729,NULL,NULL),(2186,8,'full',729,NULL,NULL),(2187,48,'full',729,NULL,NULL),(2188,16,'admin',730,NULL,NULL),(2189,8,'full',730,NULL,NULL),(2190,48,'full',730,NULL,NULL),(2191,16,'admin',731,NULL,NULL),(2192,8,'full',731,NULL,NULL),(2193,48,'full',731,NULL,NULL),(2194,16,'admin',732,NULL,NULL),(2195,8,'full',732,NULL,NULL),(2196,48,'full',732,NULL,NULL),(2197,16,'admin',733,NULL,NULL),(2198,8,'full',733,NULL,NULL),(2199,48,'full',733,NULL,NULL),(2200,16,'admin',734,NULL,NULL),(2201,8,'full',734,NULL,NULL),(2202,48,'full',734,NULL,NULL),(2203,16,'admin',735,NULL,NULL),(2204,8,'full',735,NULL,NULL),(2205,48,'full',735,NULL,NULL),(2206,16,'admin',736,NULL,NULL),(2207,8,'full',736,NULL,NULL),(2208,48,'full',736,NULL,NULL),(2209,16,'admin',737,NULL,NULL),(2210,8,'full',737,NULL,NULL),(2211,48,'full',737,NULL,NULL),(2212,16,'admin',738,NULL,NULL),(2213,8,'full',738,NULL,NULL),(2214,48,'full',738,NULL,NULL),(2215,16,'admin',739,NULL,NULL),(2216,8,'full',739,NULL,NULL),(2217,48,'full',739,NULL,NULL),(2218,16,'admin',740,NULL,NULL),(2219,8,'full',740,NULL,NULL),(2220,48,'full',740,NULL,NULL),(2221,16,'admin',741,NULL,NULL),(2222,8,'full',741,NULL,NULL),(2223,48,'full',741,NULL,NULL),(2224,16,'admin',742,NULL,NULL),(2225,8,'full',742,NULL,NULL),(2226,48,'full',742,NULL,NULL),(2227,16,'admin',743,NULL,NULL),(2228,8,'full',743,NULL,NULL),(2229,48,'full',743,NULL,NULL),(2230,16,'admin',744,NULL,NULL),(2231,8,'full',744,NULL,NULL),(2232,48,'full',744,NULL,NULL),(2233,16,'admin',745,NULL,NULL),(2234,8,'full',745,NULL,NULL),(2235,48,'full',745,NULL,NULL),(2236,16,'admin',746,NULL,NULL),(2237,8,'full',746,NULL,NULL),(2238,48,'full',746,NULL,NULL),(2239,16,'admin',747,NULL,NULL),(2240,8,'full',747,NULL,NULL),(2241,48,'full',747,NULL,NULL),(2242,16,'admin',748,NULL,NULL),(2243,8,'full',748,NULL,NULL),(2244,48,'full',748,NULL,NULL),(2245,16,'admin',749,NULL,NULL),(2246,8,'full',749,NULL,NULL),(2247,48,'full',749,NULL,NULL),(2248,16,'admin',750,NULL,NULL),(2249,8,'full',750,NULL,NULL),(2250,48,'full',750,NULL,NULL),(2251,16,'admin',751,NULL,NULL),(2252,8,'full',751,NULL,NULL),(2253,48,'full',751,NULL,NULL),(2254,16,'admin',752,NULL,NULL),(2255,8,'full',752,NULL,NULL),(2256,48,'full',752,NULL,NULL),(2257,16,'admin',753,NULL,NULL),(2258,8,'full',753,NULL,NULL),(2259,48,'full',753,NULL,NULL),(2260,16,'admin',754,NULL,NULL),(2261,8,'full',754,NULL,NULL),(2262,48,'full',754,NULL,NULL),(2263,16,'admin',755,NULL,NULL),(2264,8,'full',755,NULL,NULL),(2265,48,'full',755,NULL,NULL),(2266,16,'admin',756,NULL,NULL),(2267,8,'full',756,NULL,NULL),(2268,48,'full',756,NULL,NULL),(2269,16,'admin',757,NULL,NULL),(2270,8,'full',757,NULL,NULL),(2271,48,'full',757,NULL,NULL),(2272,16,'admin',758,NULL,NULL),(2273,8,'full',758,NULL,NULL),(2274,48,'full',758,NULL,NULL),(2275,16,'admin',759,NULL,NULL),(2276,8,'full',759,NULL,NULL),(2277,48,'full',759,NULL,NULL),(2278,16,'admin',760,NULL,NULL),(2279,8,'full',760,NULL,NULL),(2280,48,'full',760,NULL,NULL),(2281,16,'admin',761,NULL,NULL),(2282,8,'full',761,NULL,NULL),(2283,48,'full',761,NULL,NULL),(2284,16,'admin',762,NULL,NULL),(2285,8,'full',762,NULL,NULL),(2286,48,'full',762,NULL,NULL),(2287,16,'admin',763,NULL,NULL),(2288,8,'full',763,NULL,NULL),(2289,48,'full',763,NULL,NULL),(2290,16,'admin',764,NULL,NULL),(2291,8,'full',764,NULL,NULL),(2292,48,'full',764,NULL,NULL),(2293,16,'admin',765,NULL,NULL),(2294,8,'full',765,NULL,NULL),(2295,48,'full',765,NULL,NULL),(2296,16,'admin',766,NULL,NULL),(2297,8,'full',766,NULL,NULL),(2298,48,'full',766,NULL,NULL),(2299,16,'admin',767,NULL,NULL),(2300,8,'full',767,NULL,NULL),(2301,48,'full',767,NULL,NULL),(2302,16,'admin',768,NULL,NULL),(2303,8,'full',768,NULL,NULL),(2304,48,'full',768,NULL,NULL),(2305,16,'admin',769,NULL,NULL),(2306,8,'full',769,NULL,NULL),(2307,48,'full',769,NULL,NULL),(2308,16,'admin',770,NULL,NULL),(2309,8,'full',770,NULL,NULL),(2310,48,'full',770,NULL,NULL),(2311,16,'admin',771,NULL,NULL),(2312,8,'full',771,NULL,NULL),(2313,48,'full',771,NULL,NULL),(2314,16,'admin',772,NULL,NULL),(2315,8,'full',772,NULL,NULL),(2316,48,'full',772,NULL,NULL),(2317,16,'admin',773,NULL,NULL),(2318,8,'full',773,NULL,NULL),(2319,48,'full',773,NULL,NULL),(2320,16,'admin',774,NULL,NULL),(2321,8,'full',774,NULL,NULL),(2322,48,'full',774,NULL,NULL),(2323,16,'admin',775,NULL,NULL),(2324,8,'full',775,NULL,NULL),(2325,48,'full',775,NULL,NULL),(2326,16,'admin',776,NULL,NULL),(2327,8,'full',776,NULL,NULL),(2328,48,'full',776,NULL,NULL),(2329,16,'admin',777,NULL,NULL),(2330,8,'full',777,NULL,NULL),(2331,48,'full',777,NULL,NULL),(2332,16,'admin',778,NULL,NULL),(2333,8,'full',778,NULL,NULL),(2334,48,'full',778,NULL,NULL),(2335,16,'admin',779,NULL,NULL),(2336,8,'full',779,NULL,NULL),(2337,48,'full',779,NULL,NULL),(2338,16,'admin',780,NULL,NULL),(2339,8,'full',780,NULL,NULL),(2340,48,'full',780,NULL,NULL),(2341,16,'admin',781,NULL,NULL),(2342,8,'full',781,NULL,NULL),(2343,48,'full',781,NULL,NULL),(2344,16,'admin',782,NULL,NULL),(2345,8,'full',782,NULL,NULL),(2346,48,'full',782,NULL,NULL),(2347,16,'admin',783,NULL,NULL),(2348,8,'full',783,NULL,NULL),(2349,48,'full',783,NULL,NULL),(2350,16,'admin',784,NULL,NULL),(2351,8,'full',784,NULL,NULL),(2352,48,'full',784,NULL,NULL),(2353,16,'admin',785,NULL,NULL),(2354,8,'full',785,NULL,NULL),(2355,48,'full',785,NULL,NULL),(2356,16,'admin',786,NULL,NULL),(2357,8,'full',786,NULL,NULL),(2358,48,'full',786,NULL,NULL),(2359,16,'admin',787,NULL,NULL),(2360,8,'full',787,NULL,NULL),(2361,48,'full',787,NULL,NULL),(2362,16,'admin',788,NULL,NULL),(2363,8,'full',788,NULL,NULL),(2364,48,'full',788,NULL,NULL),(2365,16,'admin',789,NULL,NULL),(2366,8,'full',789,NULL,NULL),(2367,48,'full',789,NULL,NULL),(2368,16,'admin',790,NULL,NULL),(2369,8,'full',790,NULL,NULL),(2370,48,'full',790,NULL,NULL),(2371,16,'admin',791,NULL,NULL),(2372,8,'full',791,NULL,NULL),(2373,48,'full',791,NULL,NULL),(2374,16,'admin',792,NULL,NULL),(2375,8,'full',792,NULL,NULL),(2376,48,'full',792,NULL,NULL),(2377,16,'admin',793,NULL,NULL),(2378,8,'full',793,NULL,NULL),(2379,48,'full',793,NULL,NULL),(2380,16,'admin',794,NULL,NULL),(2381,8,'full',794,NULL,NULL),(2382,48,'full',794,NULL,NULL),(2383,16,'admin',795,NULL,NULL),(2384,8,'full',795,NULL,NULL),(2385,48,'full',795,NULL,NULL),(2386,16,'admin',796,NULL,NULL),(2387,8,'full',796,NULL,NULL),(2388,48,'full',796,NULL,NULL),(2389,16,'admin',797,NULL,NULL),(2390,8,'full',797,NULL,NULL),(2391,48,'full',797,NULL,NULL),(2392,16,'admin',798,NULL,NULL),(2393,8,'full',798,NULL,NULL),(2394,48,'full',798,NULL,NULL),(2395,16,'admin',799,NULL,NULL),(2396,8,'full',799,NULL,NULL),(2397,48,'full',799,NULL,NULL),(2398,16,'admin',800,NULL,NULL),(2399,8,'full',800,NULL,NULL),(2400,48,'full',800,NULL,NULL),(2401,16,'admin',801,NULL,NULL),(2402,8,'full',801,NULL,NULL),(2403,48,'full',801,NULL,NULL),(2404,16,'admin',802,NULL,NULL),(2405,8,'full',802,NULL,NULL),(2406,48,'full',802,NULL,NULL),(2407,16,'admin',803,NULL,NULL),(2408,8,'full',803,NULL,NULL),(2409,48,'full',803,NULL,NULL),(2410,16,'admin',804,NULL,NULL),(2411,8,'full',804,NULL,NULL),(2412,48,'full',804,NULL,NULL),(2413,16,'admin',805,NULL,NULL),(2414,8,'full',805,NULL,NULL),(2415,48,'full',805,NULL,NULL),(2416,16,'admin',806,NULL,NULL),(2417,8,'full',806,NULL,NULL),(2418,48,'full',806,NULL,NULL),(2419,16,'admin',807,NULL,NULL),(2420,8,'full',807,NULL,NULL),(2421,48,'full',807,NULL,NULL),(2422,16,'admin',808,NULL,NULL),(2423,8,'full',808,NULL,NULL),(2424,48,'full',808,NULL,NULL),(2425,16,'admin',809,NULL,NULL),(2426,8,'full',809,NULL,NULL),(2427,48,'full',809,NULL,NULL),(2428,16,'admin',810,NULL,NULL),(2429,8,'full',810,NULL,NULL),(2430,48,'full',810,NULL,NULL),(2431,16,'admin',811,NULL,NULL),(2432,8,'full',811,NULL,NULL),(2433,48,'full',811,NULL,NULL),(2434,16,'admin',812,NULL,NULL),(2435,8,'full',812,NULL,NULL),(2436,48,'full',812,NULL,NULL),(2437,16,'admin',813,NULL,NULL),(2438,8,'full',813,NULL,NULL),(2439,48,'full',813,NULL,NULL),(2440,16,'admin',814,NULL,NULL),(2441,8,'full',814,NULL,NULL),(2442,48,'full',814,NULL,NULL),(2443,16,'admin',815,NULL,NULL),(2444,8,'full',815,NULL,NULL),(2445,48,'full',815,NULL,NULL),(2446,16,'admin',816,NULL,NULL),(2447,8,'full',816,NULL,NULL),(2448,48,'full',816,NULL,NULL),(2449,16,'admin',817,NULL,NULL),(2450,8,'full',817,NULL,NULL),(2451,48,'full',817,NULL,NULL),(2452,16,'admin',818,NULL,NULL),(2453,8,'full',818,NULL,NULL),(2454,48,'full',818,NULL,NULL),(2455,16,'admin',819,NULL,NULL),(2456,8,'full',819,NULL,NULL),(2457,48,'full',819,NULL,NULL),(2458,16,'admin',820,NULL,NULL),(2459,8,'full',820,NULL,NULL),(2460,48,'full',820,NULL,NULL),(2461,16,'admin',821,NULL,NULL),(2462,8,'full',821,NULL,NULL),(2463,48,'full',821,NULL,NULL),(2464,16,'admin',822,NULL,NULL),(2465,8,'full',822,NULL,NULL),(2466,48,'full',822,NULL,NULL),(2467,16,'admin',823,NULL,NULL),(2468,8,'full',823,NULL,NULL),(2469,48,'full',823,NULL,NULL),(2470,16,'admin',824,NULL,NULL),(2471,8,'full',824,NULL,NULL),(2472,48,'full',824,NULL,NULL),(2473,16,'admin',825,NULL,NULL),(2474,8,'full',825,NULL,NULL),(2475,48,'full',825,NULL,NULL),(2476,16,'admin',826,NULL,NULL),(2477,8,'full',826,NULL,NULL),(2478,48,'full',826,NULL,NULL),(2479,16,'admin',827,NULL,NULL),(2480,8,'full',827,NULL,NULL),(2481,48,'full',827,NULL,NULL),(2482,16,'admin',828,NULL,NULL),(2483,8,'full',828,NULL,NULL),(2484,48,'full',828,NULL,NULL),(2485,16,'admin',829,NULL,NULL),(2486,8,'full',829,NULL,NULL),(2487,48,'full',829,NULL,NULL),(2488,16,'admin',830,NULL,NULL),(2489,8,'full',830,NULL,NULL),(2490,48,'full',830,NULL,NULL),(2491,16,'admin',831,NULL,NULL),(2492,8,'full',831,NULL,NULL),(2493,48,'full',831,NULL,NULL),(2494,16,'admin',832,NULL,NULL),(2495,8,'full',832,NULL,NULL),(2496,48,'full',832,NULL,NULL),(2497,16,'admin',833,NULL,NULL),(2498,8,'full',833,NULL,NULL),(2499,48,'full',833,NULL,NULL),(2500,16,'admin',834,NULL,NULL),(2501,8,'full',834,NULL,NULL),(2502,48,'full',834,NULL,NULL),(2503,16,'admin',835,NULL,NULL),(2504,8,'full',835,NULL,NULL),(2505,48,'full',835,NULL,NULL),(2506,16,'admin',836,NULL,NULL),(2507,8,'full',836,NULL,NULL),(2508,48,'full',836,NULL,NULL),(2509,16,'admin',837,NULL,NULL),(2510,8,'full',837,NULL,NULL),(2511,48,'full',837,NULL,NULL),(2512,16,'admin',838,NULL,NULL),(2513,8,'full',838,NULL,NULL),(2514,48,'full',838,NULL,NULL),(2515,16,'admin',839,NULL,NULL),(2516,8,'full',839,NULL,NULL),(2517,48,'full',839,NULL,NULL),(2518,16,'admin',840,NULL,NULL),(2519,8,'full',840,NULL,NULL),(2520,48,'full',840,NULL,NULL),(2521,16,'admin',841,NULL,NULL),(2522,8,'full',841,NULL,NULL),(2523,48,'full',841,NULL,NULL),(2524,16,'admin',842,NULL,NULL),(2525,8,'full',842,NULL,NULL),(2526,48,'full',842,NULL,NULL),(2527,16,'admin',843,NULL,NULL),(2528,8,'full',843,NULL,NULL),(2529,48,'full',843,NULL,NULL),(2530,16,'admin',844,NULL,NULL),(2531,8,'full',844,NULL,NULL),(2532,48,'full',844,NULL,NULL),(2533,16,'admin',845,NULL,NULL),(2534,8,'full',845,NULL,NULL),(2535,48,'full',845,NULL,NULL),(2536,16,'admin',846,NULL,NULL),(2537,8,'full',846,NULL,NULL),(2538,48,'full',846,NULL,NULL),(2539,16,'admin',847,NULL,NULL),(2540,8,'full',847,NULL,NULL),(2541,48,'full',847,NULL,NULL),(2542,16,'admin',848,NULL,NULL),(2543,8,'full',848,NULL,NULL),(2544,48,'full',848,NULL,NULL),(2545,16,'admin',849,NULL,NULL),(2546,8,'full',849,NULL,NULL),(2547,48,'full',849,NULL,NULL),(2548,16,'admin',850,NULL,NULL),(2549,8,'full',850,NULL,NULL),(2550,48,'full',850,NULL,NULL),(2551,16,'admin',851,NULL,NULL),(2552,8,'full',851,NULL,NULL),(2553,48,'full',851,NULL,NULL),(2554,16,'admin',852,NULL,NULL),(2555,8,'full',852,NULL,NULL),(2556,48,'full',852,NULL,NULL),(2557,16,'admin',853,NULL,NULL),(2558,8,'full',853,NULL,NULL),(2559,48,'full',853,NULL,NULL),(2560,16,'admin',854,NULL,NULL),(2561,8,'full',854,NULL,NULL),(2562,48,'full',854,NULL,NULL),(2563,16,'admin',855,NULL,NULL),(2564,8,'full',855,NULL,NULL),(2565,48,'full',855,NULL,NULL),(2566,16,'admin',856,NULL,NULL),(2567,8,'full',856,NULL,NULL),(2568,48,'full',856,NULL,NULL),(2569,16,'admin',857,NULL,NULL),(2570,8,'full',857,NULL,NULL),(2571,48,'full',857,NULL,NULL),(2572,16,'admin',858,NULL,NULL),(2573,8,'full',858,NULL,NULL),(2574,48,'full',858,NULL,NULL),(2575,16,'admin',859,NULL,NULL),(2576,8,'full',859,NULL,NULL),(2577,48,'full',859,NULL,NULL),(2578,16,'admin',860,NULL,NULL),(2579,8,'full',860,NULL,NULL),(2580,48,'full',860,NULL,NULL),(2581,16,'admin',861,NULL,NULL),(2582,8,'full',861,NULL,NULL),(2583,48,'full',861,NULL,NULL),(2584,16,'admin',862,NULL,NULL),(2585,8,'full',862,NULL,NULL),(2586,48,'full',862,NULL,NULL),(2587,16,'admin',863,NULL,NULL),(2588,8,'full',863,NULL,NULL),(2589,48,'full',863,NULL,NULL),(2590,16,'admin',864,NULL,NULL),(2591,8,'full',864,NULL,NULL),(2592,48,'full',864,NULL,NULL),(2593,16,'admin',865,NULL,NULL),(2594,8,'full',865,NULL,NULL),(2595,48,'full',865,NULL,NULL),(2596,16,'admin',866,NULL,NULL),(2597,8,'full',866,NULL,NULL),(2598,48,'full',866,NULL,NULL),(2599,16,'admin',867,NULL,NULL),(2600,8,'full',867,NULL,NULL),(2601,48,'full',867,NULL,NULL),(2602,16,'admin',868,NULL,NULL),(2603,8,'full',868,NULL,NULL),(2604,48,'full',868,NULL,NULL),(2605,16,'admin',869,NULL,NULL),(2606,8,'full',869,NULL,NULL),(2607,48,'full',869,NULL,NULL),(2608,16,'admin',870,NULL,NULL),(2609,8,'full',870,NULL,NULL),(2610,48,'full',870,NULL,NULL),(2611,16,'admin',871,NULL,NULL),(2612,8,'full',871,NULL,NULL),(2613,48,'full',871,NULL,NULL),(2614,16,'admin',872,NULL,NULL),(2615,8,'full',872,NULL,NULL),(2616,48,'full',872,NULL,NULL),(2617,16,'admin',873,NULL,NULL),(2618,8,'full',873,NULL,NULL),(2619,48,'full',873,NULL,NULL),(2620,16,'admin',874,NULL,NULL),(2621,8,'full',874,NULL,NULL),(2622,48,'full',874,NULL,NULL),(2623,16,'admin',875,NULL,NULL),(2624,8,'full',875,NULL,NULL),(2625,48,'full',875,NULL,NULL),(2626,16,'admin',876,NULL,NULL),(2627,8,'full',876,NULL,NULL),(2628,48,'full',876,NULL,NULL),(2629,16,'admin',877,NULL,NULL),(2630,8,'full',877,NULL,NULL),(2631,48,'full',877,NULL,NULL),(2632,16,'admin',878,NULL,NULL),(2633,8,'full',878,NULL,NULL),(2634,48,'full',878,NULL,NULL),(2635,16,'admin',879,NULL,NULL),(2636,8,'full',879,NULL,NULL),(2637,48,'full',879,NULL,NULL),(2638,16,'admin',880,NULL,NULL),(2639,8,'full',880,NULL,NULL),(2640,48,'full',880,NULL,NULL),(2641,16,'admin',881,NULL,NULL),(2642,8,'full',881,NULL,NULL),(2643,48,'full',881,NULL,NULL),(2644,16,'admin',882,NULL,NULL),(2645,8,'full',882,NULL,NULL),(2646,48,'full',882,NULL,NULL),(2647,16,'admin',883,NULL,NULL),(2648,8,'full',883,NULL,NULL),(2649,48,'full',883,NULL,NULL),(2650,16,'admin',884,NULL,NULL),(2651,8,'full',884,NULL,NULL),(2652,48,'full',884,NULL,NULL),(2653,16,'admin',885,NULL,NULL),(2654,8,'full',885,NULL,NULL),(2655,48,'full',885,NULL,NULL),(2656,16,'admin',886,NULL,NULL),(2657,8,'full',886,NULL,NULL),(2658,48,'full',886,NULL,NULL),(2659,16,'admin',887,NULL,NULL),(2660,8,'full',887,NULL,NULL),(2661,48,'full',887,NULL,NULL),(2662,16,'admin',888,NULL,NULL),(2663,8,'full',888,NULL,NULL),(2664,48,'full',888,NULL,NULL),(2665,16,'admin',889,NULL,NULL),(2666,8,'full',889,NULL,NULL),(2667,48,'full',889,NULL,NULL),(2668,16,'admin',890,NULL,NULL),(2669,8,'full',890,NULL,NULL),(2670,48,'full',890,NULL,NULL),(2671,16,'admin',891,NULL,NULL),(2672,8,'full',891,NULL,NULL),(2673,48,'full',891,NULL,NULL),(2674,16,'admin',892,NULL,NULL),(2675,8,'full',892,NULL,NULL),(2676,48,'full',892,NULL,NULL),(2677,16,'admin',893,NULL,NULL),(2678,8,'full',893,NULL,NULL),(2679,48,'full',893,NULL,NULL),(2680,16,'admin',894,NULL,NULL),(2681,8,'full',894,NULL,NULL),(2682,48,'full',894,NULL,NULL),(2683,16,'admin',895,NULL,NULL),(2684,8,'full',895,NULL,NULL),(2685,48,'full',895,NULL,NULL),(2686,16,'admin',896,NULL,NULL),(2687,8,'full',896,NULL,NULL),(2688,48,'full',896,NULL,NULL),(2689,16,'admin',897,NULL,NULL),(2690,8,'full',897,NULL,NULL),(2691,48,'full',897,NULL,NULL),(2692,16,'admin',898,NULL,NULL),(2693,8,'full',898,NULL,NULL),(2694,48,'full',898,NULL,NULL),(2695,16,'admin',899,NULL,NULL),(2696,8,'full',899,NULL,NULL),(2697,48,'full',899,NULL,NULL),(2698,16,'admin',900,NULL,NULL),(2699,8,'full',900,NULL,NULL),(2700,48,'full',900,NULL,NULL),(2701,16,'admin',901,NULL,NULL),(2702,8,'full',901,NULL,NULL),(2703,48,'full',901,NULL,NULL),(2704,16,'admin',902,NULL,NULL),(2705,8,'full',902,NULL,NULL),(2706,48,'full',902,NULL,NULL),(2707,16,'admin',903,NULL,NULL),(2708,8,'full',903,NULL,NULL),(2709,48,'full',903,NULL,NULL),(2710,16,'admin',904,NULL,NULL),(2711,8,'full',904,NULL,NULL),(2712,48,'full',904,NULL,NULL),(2713,16,'admin',905,NULL,NULL),(2714,8,'full',905,NULL,NULL),(2715,48,'full',905,NULL,NULL),(2716,16,'admin',906,NULL,NULL),(2717,8,'full',906,NULL,NULL),(2718,48,'full',906,NULL,NULL),(2719,16,'admin',907,NULL,NULL),(2720,8,'full',907,NULL,NULL),(2721,48,'full',907,NULL,NULL),(2722,16,'admin',908,NULL,NULL),(2723,8,'full',908,NULL,NULL),(2724,48,'full',908,NULL,NULL),(2725,16,'admin',909,NULL,NULL),(2726,8,'full',909,NULL,NULL),(2727,48,'full',909,NULL,NULL),(2728,16,'admin',910,NULL,NULL),(2729,8,'full',910,NULL,NULL),(2730,48,'full',910,NULL,NULL),(2731,16,'admin',911,NULL,NULL),(2732,8,'full',911,NULL,NULL),(2733,48,'full',911,NULL,NULL),(2734,16,'admin',912,NULL,NULL),(2735,8,'full',912,NULL,NULL),(2736,48,'full',912,NULL,NULL),(2737,16,'admin',913,NULL,NULL),(2738,8,'full',913,NULL,NULL),(2739,48,'full',913,NULL,NULL),(2740,16,'admin',914,NULL,NULL),(2741,8,'full',914,NULL,NULL),(2742,48,'full',914,NULL,NULL),(2743,16,'admin',915,NULL,NULL),(2744,8,'full',915,NULL,NULL),(2745,48,'full',915,NULL,NULL),(2746,16,'admin',916,NULL,NULL),(2747,8,'full',916,NULL,NULL),(2748,48,'full',916,NULL,NULL),(2749,16,'admin',917,NULL,NULL),(2750,8,'full',917,NULL,NULL),(2751,48,'full',917,NULL,NULL),(2752,16,'admin',918,NULL,NULL),(2753,8,'full',918,NULL,NULL),(2754,48,'full',918,NULL,NULL),(2755,16,'admin',919,NULL,NULL),(2756,8,'full',919,NULL,NULL),(2757,48,'full',919,NULL,NULL),(2758,16,'admin',920,NULL,NULL),(2759,8,'full',920,NULL,NULL),(2760,48,'full',920,NULL,NULL),(2761,16,'admin',921,NULL,NULL),(2762,8,'full',921,NULL,NULL),(2763,48,'full',921,NULL,NULL),(2764,16,'admin',922,NULL,NULL),(2765,8,'full',922,NULL,NULL),(2766,48,'full',922,NULL,NULL),(2767,16,'admin',923,NULL,NULL),(2768,8,'full',923,NULL,NULL),(2769,48,'full',923,NULL,NULL),(2770,16,'admin',924,NULL,NULL),(2771,8,'full',924,NULL,NULL),(2772,48,'full',924,NULL,NULL),(2773,16,'admin',925,NULL,NULL),(2774,8,'full',925,NULL,NULL),(2775,48,'full',925,NULL,NULL),(2776,16,'admin',926,NULL,NULL),(2777,8,'none',926,NULL,NULL),(2778,48,'request',926,NULL,NULL),(2779,16,'admin',927,NULL,NULL),(2780,8,'none',927,NULL,NULL),(2781,48,'none',927,NULL,NULL),(2782,16,'admin',928,NULL,NULL),(2783,8,'full',928,NULL,NULL),(2784,48,'full',928,NULL,NULL),(2785,16,'admin',929,NULL,NULL),(2786,8,'full',929,NULL,NULL),(2787,48,'full',929,NULL,NULL),(2788,16,'admin',930,NULL,NULL),(2789,8,'full',930,NULL,NULL),(2790,48,'full',930,NULL,NULL),(2791,16,'admin',931,NULL,NULL),(2792,8,'full',931,NULL,NULL),(2793,48,'full',931,NULL,NULL),(2794,16,'admin',932,NULL,NULL),(2795,8,'full',932,NULL,NULL),(2796,48,'full',932,NULL,NULL),(2797,16,'admin',933,NULL,NULL),(2798,8,'full',933,NULL,NULL),(2799,48,'full',933,NULL,NULL),(2800,16,'admin',934,NULL,NULL),(2801,8,'full',934,NULL,NULL),(2802,48,'full',934,NULL,NULL),(2803,16,'admin',935,NULL,NULL),(2804,8,'full',935,NULL,NULL),(2805,48,'full',935,NULL,NULL),(2806,16,'admin',936,NULL,NULL),(2807,8,'full',936,NULL,NULL),(2808,48,'full',936,NULL,NULL),(2809,16,'admin',937,NULL,NULL),(2810,8,'full',937,NULL,NULL),(2811,48,'full',937,NULL,NULL),(2812,16,'admin',938,NULL,NULL),(2813,8,'full',938,NULL,NULL),(2814,48,'full',938,NULL,NULL),(2815,16,'admin',939,NULL,NULL),(2816,8,'full',939,NULL,NULL),(2817,48,'full',939,NULL,NULL),(2818,16,'admin',940,NULL,NULL),(2819,8,'full',940,NULL,NULL),(2820,48,'full',940,NULL,NULL),(2821,16,'admin',941,NULL,NULL),(2822,8,'full',941,NULL,NULL),(2823,48,'full',941,NULL,NULL),(2824,16,'admin',942,NULL,NULL),(2825,8,'full',942,NULL,NULL),(2826,48,'full',942,NULL,NULL),(2827,16,'admin',943,NULL,NULL),(2828,8,'full',943,NULL,NULL),(2829,48,'full',943,NULL,NULL),(2830,16,'admin',944,NULL,NULL),(2831,8,'full',944,NULL,NULL),(2832,48,'full',944,NULL,NULL),(2833,16,'admin',945,NULL,NULL),(2834,8,'full',945,NULL,NULL),(2835,48,'full',945,NULL,NULL),(2836,16,'admin',946,NULL,NULL),(2837,8,'full',946,NULL,NULL),(2838,48,'full',946,NULL,NULL),(2839,16,'admin',947,NULL,NULL),(2840,8,'full',947,NULL,NULL),(2841,48,'full',947,NULL,NULL),(2842,16,'admin',948,NULL,NULL),(2843,8,'full',948,NULL,NULL),(2844,48,'full',948,NULL,NULL),(2845,16,'admin',949,NULL,NULL),(2846,8,'full',949,NULL,NULL),(2847,48,'full',949,NULL,NULL),(2848,16,'admin',950,NULL,NULL),(2849,8,'full',950,NULL,NULL),(2850,48,'full',950,NULL,NULL),(2851,16,'admin',951,NULL,NULL),(2852,8,'full',951,NULL,NULL),(2853,48,'full',951,NULL,NULL),(2854,16,'admin',952,NULL,NULL),(2855,8,'full',952,NULL,NULL),(2856,48,'full',952,NULL,NULL),(2857,16,'admin',953,NULL,NULL),(2858,8,'full',953,NULL,NULL),(2859,48,'full',953,NULL,NULL),(2860,16,'admin',954,NULL,NULL),(2861,8,'full',954,NULL,NULL),(2862,48,'full',954,NULL,NULL),(2863,16,'admin',955,NULL,NULL),(2864,8,'full',955,NULL,NULL),(2865,48,'full',955,NULL,NULL),(2866,16,'admin',956,NULL,NULL),(2867,8,'full',956,NULL,NULL),(2868,48,'full',956,NULL,NULL),(2869,16,'admin',957,NULL,NULL),(2870,8,'full',957,NULL,NULL),(2871,48,'full',957,NULL,NULL),(2872,16,'admin',958,NULL,NULL),(2873,8,'full',958,NULL,NULL),(2874,48,'full',958,NULL,NULL),(2875,16,'admin',959,NULL,NULL),(2876,8,'full',959,NULL,NULL),(2877,48,'full',959,NULL,NULL),(2878,16,'admin',960,NULL,NULL),(2879,8,'full',960,NULL,NULL),(2880,48,'full',960,NULL,NULL),(2881,16,'admin',961,NULL,NULL),(2882,8,'full',961,NULL,NULL),(2883,48,'full',961,NULL,NULL),(2884,16,'admin',962,NULL,NULL),(2885,8,'full',962,NULL,NULL),(2886,48,'full',962,NULL,NULL),(2887,16,'admin',963,NULL,NULL),(2888,8,'full',963,NULL,NULL),(2889,48,'full',963,NULL,NULL),(2890,16,'admin',964,NULL,NULL),(2891,8,'full',964,NULL,NULL),(2892,48,'full',964,NULL,NULL),(2893,16,'admin',965,NULL,NULL),(2894,8,'full',965,NULL,NULL),(2895,48,'full',965,NULL,NULL),(2896,16,'admin',966,NULL,NULL),(2897,8,'full',966,NULL,NULL),(2898,48,'full',966,NULL,NULL),(2899,16,'admin',967,NULL,NULL),(2900,8,'full',967,NULL,NULL),(2901,48,'full',967,NULL,NULL),(2902,16,'admin',968,NULL,NULL),(2903,8,'full',968,NULL,NULL),(2904,48,'full',968,NULL,NULL),(2905,16,'admin',969,NULL,NULL),(2906,8,'full',969,NULL,NULL),(2907,48,'full',969,NULL,NULL),(2908,16,'admin',970,NULL,NULL),(2909,8,'full',970,NULL,NULL),(2910,48,'full',970,NULL,NULL),(2911,16,'admin',971,NULL,NULL),(2912,8,'full',971,NULL,NULL),(2913,48,'full',971,NULL,NULL),(2914,16,'admin',972,NULL,NULL),(2915,8,'full',972,NULL,NULL),(2916,48,'full',972,NULL,NULL),(2917,16,'admin',973,NULL,NULL),(2918,8,'full',973,NULL,NULL),(2919,48,'full',973,NULL,NULL),(2920,16,'admin',974,NULL,NULL),(2921,8,'full',974,NULL,NULL),(2922,48,'full',974,NULL,NULL),(2923,16,'admin',975,NULL,NULL),(2924,8,'full',975,NULL,NULL),(2925,48,'full',975,NULL,NULL),(2926,16,'admin',976,NULL,NULL),(2927,8,'full',976,NULL,NULL),(2928,48,'full',976,NULL,NULL),(2929,16,'admin',977,NULL,NULL),(2930,8,'full',977,NULL,NULL),(2931,48,'full',977,NULL,NULL),(2932,16,'admin',978,NULL,NULL),(2933,8,'full',978,NULL,NULL),(2934,48,'full',978,NULL,NULL),(2935,16,'admin',979,NULL,NULL),(2936,8,'full',979,NULL,NULL),(2937,48,'full',979,NULL,NULL),(2938,16,'admin',980,NULL,NULL),(2939,8,'full',980,NULL,NULL),(2940,48,'full',980,NULL,NULL),(2941,16,'admin',981,NULL,NULL),(2942,8,'full',981,NULL,NULL),(2943,48,'full',981,NULL,NULL),(2944,16,'admin',982,NULL,NULL),(2945,8,'full',982,NULL,NULL),(2946,48,'full',982,NULL,NULL),(2947,16,'admin',983,NULL,NULL),(2948,8,'full',983,NULL,NULL),(2949,48,'full',983,NULL,NULL),(2950,16,'admin',984,NULL,NULL),(2951,8,'full',984,NULL,NULL),(2952,48,'full',984,NULL,NULL),(2953,16,'admin',985,NULL,NULL),(2954,8,'full',985,NULL,NULL),(2955,48,'full',985,NULL,NULL),(2956,16,'admin',986,NULL,NULL),(2957,8,'full',986,NULL,NULL),(2958,48,'full',986,NULL,NULL),(2959,16,'admin',987,NULL,NULL),(2960,8,'full',987,NULL,NULL),(2961,48,'full',987,NULL,NULL),(2962,16,'admin',988,NULL,NULL),(2963,8,'full',988,NULL,NULL),(2964,48,'full',988,NULL,NULL),(2965,16,'admin',989,NULL,NULL),(2966,8,'full',989,NULL,NULL),(2967,48,'full',989,NULL,NULL),(2968,16,'admin',990,NULL,NULL),(2969,8,'full',990,NULL,NULL),(2970,48,'full',990,NULL,NULL),(2971,16,'admin',991,NULL,NULL),(2972,8,'full',991,NULL,NULL),(2973,48,'full',991,NULL,NULL),(2974,16,'admin',992,NULL,NULL),(2975,8,'full',992,NULL,NULL),(2976,48,'full',992,NULL,NULL),(2977,16,'admin',993,NULL,NULL),(2978,8,'full',993,NULL,NULL),(2979,48,'full',993,NULL,NULL),(2980,16,'admin',994,NULL,NULL),(2981,8,'full',994,NULL,NULL),(2982,48,'full',994,NULL,NULL),(2983,16,'admin',995,NULL,NULL),(2984,8,'full',995,NULL,NULL),(2985,48,'full',995,NULL,NULL),(2986,16,'admin',996,NULL,NULL),(2987,8,'full',996,NULL,NULL),(2988,48,'full',996,NULL,NULL),(2989,16,'admin',997,NULL,NULL),(2990,8,'full',997,NULL,NULL),(2991,48,'full',997,NULL,NULL),(2992,16,'admin',998,NULL,NULL),(2993,8,'full',998,NULL,NULL),(2994,48,'full',998,NULL,NULL),(2995,16,'admin',999,NULL,NULL),(2996,8,'full',999,NULL,NULL),(2997,48,'full',999,NULL,NULL),(2998,16,'admin',1000,NULL,NULL),(2999,8,'full',1000,NULL,NULL),(3000,48,'full',1000,NULL,NULL),(3001,16,'admin',1001,NULL,NULL),(3002,8,'full',1001,NULL,NULL),(3003,48,'full',1001,NULL,NULL),(3004,16,'admin',1002,NULL,NULL),(3005,8,'full',1002,NULL,NULL),(3006,48,'full',1002,NULL,NULL),(3007,16,'admin',1003,NULL,NULL),(3008,8,'full',1003,NULL,NULL),(3009,48,'full',1003,NULL,NULL),(3010,16,'admin',1004,NULL,NULL),(3011,8,'full',1004,NULL,NULL),(3012,48,'full',1004,NULL,NULL),(3013,16,'admin',1005,NULL,NULL),(3014,8,'full',1005,NULL,NULL),(3015,48,'full',1005,NULL,NULL),(3016,16,'admin',1006,NULL,NULL),(3017,8,'full',1006,NULL,NULL),(3018,48,'full',1006,NULL,NULL),(3019,16,'admin',1007,NULL,NULL),(3020,8,'full',1007,NULL,NULL),(3021,48,'full',1007,NULL,NULL),(3022,16,'admin',1008,NULL,NULL),(3023,8,'full',1008,NULL,NULL),(3024,48,'full',1008,NULL,NULL),(3025,16,'admin',1009,NULL,NULL),(3026,8,'full',1009,NULL,NULL),(3027,48,'full',1009,NULL,NULL),(3028,16,'admin',1010,NULL,NULL),(3029,8,'full',1010,NULL,NULL),(3030,48,'full',1010,NULL,NULL),(3031,16,'admin',1011,NULL,NULL),(3032,8,'full',1011,NULL,NULL),(3033,48,'full',1011,NULL,NULL),(3034,16,'admin',1012,NULL,NULL),(3035,8,'full',1012,NULL,NULL),(3036,48,'full',1012,NULL,NULL),(3037,16,'admin',1013,NULL,NULL),(3038,8,'full',1013,NULL,NULL),(3039,48,'full',1013,NULL,NULL),(3040,16,'admin',1014,NULL,NULL),(3041,8,'full',1014,NULL,NULL),(3042,48,'full',1014,NULL,NULL),(3043,16,'admin',1015,NULL,NULL),(3044,8,'full',1015,NULL,NULL),(3045,48,'full',1015,NULL,NULL),(3046,16,'admin',1016,NULL,NULL),(3047,8,'full',1016,NULL,NULL),(3048,48,'full',1016,NULL,NULL),(3049,16,'admin',1017,NULL,NULL),(3050,8,'full',1017,NULL,NULL),(3051,48,'full',1017,NULL,NULL),(3052,16,'admin',1018,NULL,NULL),(3053,8,'full',1018,NULL,NULL),(3054,48,'full',1018,NULL,NULL),(3055,16,'admin',1019,NULL,NULL),(3056,8,'full',1019,NULL,NULL),(3057,48,'full',1019,NULL,NULL),(3058,16,'admin',1020,NULL,NULL),(3059,8,'full',1020,NULL,NULL),(3060,48,'full',1020,NULL,NULL),(3061,16,'admin',1021,NULL,NULL),(3062,8,'none',1021,NULL,NULL),(3063,48,'request',1021,NULL,NULL),(3064,16,'admin',1022,NULL,NULL),(3065,8,'none',1022,NULL,NULL),(3066,48,'none',1022,NULL,NULL),(3067,16,'admin',1023,NULL,NULL),(3068,8,'none',1023,NULL,NULL),(3069,48,'none',1023,NULL,NULL),(3070,16,'admin',1024,NULL,NULL),(3071,8,'none',1024,NULL,NULL),(3072,48,'none',1024,NULL,NULL),(3073,16,'admin',1025,NULL,NULL),(3074,8,'none',1025,NULL,NULL),(3075,48,'none',1025,NULL,NULL),(3076,16,'admin',1026,NULL,NULL),(3077,8,'none',1026,NULL,NULL),(3078,48,'none',1026,NULL,NULL),(3079,356,'full',3,NULL,'granted'),(3080,356,'full',38,NULL,'granted'),(3081,356,'full',137,NULL,'granted'),(3082,356,'full',151,NULL,'granted'),(3083,356,'full',155,NULL,'granted'),(3084,356,'limited',185,NULL,'granted'),(3085,356,'limited',201,NULL,'granted'),(3086,356,'limited',299,NULL,'granted'),(3087,356,'full',926,NULL,'granted'),(3088,356,'full',1021,NULL,'granted'),(3089,356,'full',1022,NULL,NULL),(3090,356,'full',1023,NULL,NULL),(3091,356,'full',1024,NULL,NULL),(3092,356,'full',1025,NULL,NULL),(3093,356,'full',1026,NULL,NULL),(3094,356,'full',4,NULL,NULL),(3095,356,'full',39,NULL,NULL),(3096,356,'full',40,NULL,NULL),(3097,356,'full',138,NULL,NULL),(3098,356,'full',152,NULL,NULL),(3099,356,'full',156,NULL,NULL),(3100,356,'limited',186,NULL,NULL),(3101,356,'limited',202,NULL,NULL),(3102,356,'limited',300,NULL,NULL),(3103,356,'full',927,NULL,NULL),(3104,427,'admin',1021,NULL,'granted'),(3105,427,'admin',3,NULL,'granted'),(3106,427,'admin',151,NULL,'granted'),(3107,427,'admin',38,NULL,'granted'),(3108,427,'admin',926,NULL,'granted'),(3109,427,'admin',299,NULL,'granted'),(3110,427,'admin',155,NULL,'granted'),(3111,427,'admin',185,NULL,'granted'),(3112,427,'admin',137,NULL,'granted'),(3113,427,'admin',201,NULL,'granted'),(3114,427,'admin',1022,NULL,NULL),(3115,427,'admin',1023,NULL,NULL),(3116,427,'admin',1024,NULL,NULL),(3117,427,'admin',1025,NULL,NULL),(3118,427,'admin',1026,NULL,NULL),(3119,427,'admin',4,NULL,NULL),(3120,427,'admin',152,NULL,NULL),(3121,427,'admin',39,NULL,NULL),(3122,427,'admin',40,NULL,NULL),(3123,427,'admin',927,NULL,NULL),(3124,427,'admin',300,NULL,NULL),(3125,427,'admin',156,NULL,NULL),(3126,427,'admin',186,NULL,NULL),(3127,427,'admin',138,NULL,NULL),(3128,427,'admin',202,NULL,NULL),(3129,424,'pending',3,NULL,NULL),(3130,424,'pending',38,NULL,NULL),(3131,424,'pending',137,NULL,NULL),(3132,424,'pending',151,NULL,NULL),(3133,424,'pending',155,NULL,NULL),(3134,424,'pending',185,NULL,NULL),(3135,424,'pending',1021,NULL,NULL),(3136,424,'pending',201,NULL,NULL),(3137,424,'pending',299,NULL,NULL),(3138,424,'pending',926,NULL,NULL);
/*!40000 ALTER TABLE `access` ENABLE KEYS */;
UNLOCK TABLES;

--
-- Table structure for table `resource`
--

DROP TABLE IF EXISTS `resource`;
/*!40101 SET @saved_cs_client     = @@character_set_client */;
/*!40101 SET character_set_client = utf8 */;
CREATE TABLE `resource` (
  `resource_id` int(11) unsigned NOT NULL AUTO_INCREMENT,
  `uri` varchar(255) NOT NULL,
  PRIMARY KEY (`resource_id`),
  UNIQUE KEY `uri` (`uri`)
) ENGINE=InnoDB AUTO_INCREMENT=1027 DEFAULT CHARSET=latin1;
/*!40101 SET character_set_client = @saved_cs_client */;

--
-- Dumping data for table `resource`
--

LOCK TABLES `resource` WRITE;
/*!40000 ALTER TABLE `resource` DISABLE KEYS */;
INSERT INTO `resource` VALUES (109,'http://www.hgvbaseg2p.org/experiment/HGVE100'),(111,'http://www.hgvbaseg2p.org/experiment/HGVE101'),(113,'http://www.hgvbaseg2p.org/experiment/HGVE102'),(115,'http://www.hgvbaseg2p.org/experiment/HGVE103'),(117,'http://www.hgvbaseg2p.org/experiment/HGVE104'),(120,'http://www.hgvbaseg2p.org/experiment/HGVE105'),(119,'http://www.hgvbaseg2p.org/experiment/HGVE106'),(118,'http://www.hgvbaseg2p.org/experiment/HGVE107'),(121,'http://www.hgvbaseg2p.org/experiment/HGVE108'),(122,'http://www.hgvbaseg2p.org/experiment/HGVE109'),(123,'http://www.hgvbaseg2p.org/experiment/HGVE110'),(125,'http://www.hgvbaseg2p.org/experiment/HGVE111'),(126,'http://www.hgvbaseg2p.org/experiment/HGVE112'),(128,'http://www.hgvbaseg2p.org/experiment/HGVE113'),(130,'http://www.hgvbaseg2p.org/experiment/HGVE114'),(131,'http://www.hgvbaseg2p.org/experiment/HGVE115'),(134,'http://www.hgvbaseg2p.org/experiment/HGVE116'),(133,'http://www.hgvbaseg2p.org/experiment/HGVE117'),(132,'http://www.hgvbaseg2p.org/experiment/HGVE118'),(136,'http://www.hgvbaseg2p.org/experiment/HGVE119'),(138,'http://www.hgvbaseg2p.org/experiment/HGVE120'),(140,'http://www.hgvbaseg2p.org/experiment/HGVE121'),(142,'http://www.hgvbaseg2p.org/experiment/HGVE122'),(144,'http://www.hgvbaseg2p.org/experiment/HGVE123'),(146,'http://www.hgvbaseg2p.org/experiment/HGVE124'),(148,'http://www.hgvbaseg2p.org/experiment/HGVE125'),(150,'http://www.hgvbaseg2p.org/experiment/HGVE126'),(152,'http://www.hgvbaseg2p.org/experiment/HGVE127'),(154,'http://www.hgvbaseg2p.org/experiment/HGVE128'),(156,'http://www.hgvbaseg2p.org/experiment/HGVE129'),(158,'http://www.hgvbaseg2p.org/experiment/HGVE130'),(160,'http://www.hgvbaseg2p.org/experiment/HGVE131'),(162,'http://www.hgvbaseg2p.org/experiment/HGVE132'),(164,'http://www.hgvbaseg2p.org/experiment/HGVE133'),(163,'http://www.hgvbaseg2p.org/experiment/HGVE134'),(165,'http://www.hgvbaseg2p.org/experiment/HGVE135'),(167,'http://www.hgvbaseg2p.org/experiment/HGVE136'),(166,'http://www.hgvbaseg2p.org/experiment/HGVE137'),(864,'http://www.hgvbaseg2p.org/experiment/HGVE138'),(169,'http://www.hgvbaseg2p.org/experiment/HGVE139'),(170,'http://www.hgvbaseg2p.org/experiment/HGVE140'),(172,'http://www.hgvbaseg2p.org/experiment/HGVE141'),(173,'http://www.hgvbaseg2p.org/experiment/HGVE142'),(175,'http://www.hgvbaseg2p.org/experiment/HGVE143'),(177,'http://www.hgvbaseg2p.org/experiment/HGVE144'),(179,'http://www.hgvbaseg2p.org/experiment/HGVE145'),(182,'http://www.hgvbaseg2p.org/experiment/HGVE146'),(181,'http://www.hgvbaseg2p.org/experiment/HGVE147'),(184,'http://www.hgvbaseg2p.org/experiment/HGVE148'),(186,'http://www.hgvbaseg2p.org/experiment/HGVE149'),(188,'http://www.hgvbaseg2p.org/experiment/HGVE150'),(190,'http://www.hgvbaseg2p.org/experiment/HGVE151'),(192,'http://www.hgvbaseg2p.org/experiment/HGVE152'),(194,'http://www.hgvbaseg2p.org/experiment/HGVE153'),(196,'http://www.hgvbaseg2p.org/experiment/HGVE154'),(198,'http://www.hgvbaseg2p.org/experiment/HGVE155'),(200,'http://www.hgvbaseg2p.org/experiment/HGVE156'),(202,'http://www.hgvbaseg2p.org/experiment/HGVE157'),(204,'http://www.hgvbaseg2p.org/experiment/HGVE158'),(206,'http://www.hgvbaseg2p.org/experiment/HGVE159'),(208,'http://www.hgvbaseg2p.org/experiment/HGVE160'),(210,'http://www.hgvbaseg2p.org/experiment/HGVE161'),(212,'http://www.hgvbaseg2p.org/experiment/HGVE162'),(214,'http://www.hgvbaseg2p.org/experiment/HGVE163'),(216,'http://www.hgvbaseg2p.org/experiment/HGVE164'),(218,'http://www.hgvbaseg2p.org/experiment/HGVE165'),(220,'http://www.hgvbaseg2p.org/experiment/HGVE166'),(222,'http://www.hgvbaseg2p.org/experiment/HGVE167'),(224,'http://www.hgvbaseg2p.org/experiment/HGVE168'),(226,'http://www.hgvbaseg2p.org/experiment/HGVE169'),(228,'http://www.hgvbaseg2p.org/experiment/HGVE170'),(230,'http://www.hgvbaseg2p.org/experiment/HGVE171'),(229,'http://www.hgvbaseg2p.org/experiment/HGVE172'),(231,'http://www.hgvbaseg2p.org/experiment/HGVE173'),(232,'http://www.hgvbaseg2p.org/experiment/HGVE174'),(234,'http://www.hgvbaseg2p.org/experiment/HGVE175'),(236,'http://www.hgvbaseg2p.org/experiment/HGVE176'),(238,'http://www.hgvbaseg2p.org/experiment/HGVE177'),(240,'http://www.hgvbaseg2p.org/experiment/HGVE178'),(242,'http://www.hgvbaseg2p.org/experiment/HGVE179'),(244,'http://www.hgvbaseg2p.org/experiment/HGVE180'),(246,'http://www.hgvbaseg2p.org/experiment/HGVE181'),(248,'http://www.hgvbaseg2p.org/experiment/HGVE182'),(250,'http://www.hgvbaseg2p.org/experiment/HGVE183'),(252,'http://www.hgvbaseg2p.org/experiment/HGVE184'),(254,'http://www.hgvbaseg2p.org/experiment/HGVE185'),(256,'http://www.hgvbaseg2p.org/experiment/HGVE186'),(258,'http://www.hgvbaseg2p.org/experiment/HGVE187'),(260,'http://www.hgvbaseg2p.org/experiment/HGVE188'),(262,'http://www.hgvbaseg2p.org/experiment/HGVE189'),(264,'http://www.hgvbaseg2p.org/experiment/HGVE190'),(266,'http://www.hgvbaseg2p.org/experiment/HGVE191'),(268,'http://www.hgvbaseg2p.org/experiment/HGVE192'),(270,'http://www.hgvbaseg2p.org/experiment/HGVE193'),(272,'http://www.hgvbaseg2p.org/experiment/HGVE194'),(274,'http://www.hgvbaseg2p.org/experiment/HGVE195'),(276,'http://www.hgvbaseg2p.org/experiment/HGVE196'),(278,'http://www.hgvbaseg2p.org/experiment/HGVE197'),(280,'http://www.hgvbaseg2p.org/experiment/HGVE198'),(282,'http://www.hgvbaseg2p.org/experiment/HGVE199'),(284,'http://www.hgvbaseg2p.org/experiment/HGVE200'),(286,'http://www.hgvbaseg2p.org/experiment/HGVE201'),(288,'http://www.hgvbaseg2p.org/experiment/HGVE202'),(290,'http://www.hgvbaseg2p.org/experiment/HGVE203'),(292,'http://www.hgvbaseg2p.org/experiment/HGVE204'),(294,'http://www.hgvbaseg2p.org/experiment/HGVE205'),(296,'http://www.hgvbaseg2p.org/experiment/HGVE206'),(298,'http://www.hgvbaseg2p.org/experiment/HGVE207'),(300,'http://www.hgvbaseg2p.org/experiment/HGVE208'),(302,'http://www.hgvbaseg2p.org/experiment/HGVE209'),(304,'http://www.hgvbaseg2p.org/experiment/HGVE210'),(306,'http://www.hgvbaseg2p.org/experiment/HGVE211'),(308,'http://www.hgvbaseg2p.org/experiment/HGVE212'),(310,'http://www.hgvbaseg2p.org/experiment/HGVE213'),(312,'http://www.hgvbaseg2p.org/experiment/HGVE214'),(314,'http://www.hgvbaseg2p.org/experiment/HGVE215'),(316,'http://www.hgvbaseg2p.org/experiment/HGVE216'),(318,'http://www.hgvbaseg2p.org/experiment/HGVE217'),(320,'http://www.hgvbaseg2p.org/experiment/HGVE218'),(322,'http://www.hgvbaseg2p.org/experiment/HGVE219'),(324,'http://www.hgvbaseg2p.org/experiment/HGVE220'),(326,'http://www.hgvbaseg2p.org/experiment/HGVE221'),(328,'http://www.hgvbaseg2p.org/experiment/HGVE222'),(330,'http://www.hgvbaseg2p.org/experiment/HGVE223'),(332,'http://www.hgvbaseg2p.org/experiment/HGVE224'),(334,'http://www.hgvbaseg2p.org/experiment/HGVE225'),(336,'http://www.hgvbaseg2p.org/experiment/HGVE226'),(338,'http://www.hgvbaseg2p.org/experiment/HGVE227'),(340,'http://www.hgvbaseg2p.org/experiment/HGVE228'),(342,'http://www.hgvbaseg2p.org/experiment/HGVE229'),(344,'http://www.hgvbaseg2p.org/experiment/HGVE230'),(346,'http://www.hgvbaseg2p.org/experiment/HGVE231'),(348,'http://www.hgvbaseg2p.org/experiment/HGVE232'),(350,'http://www.hgvbaseg2p.org/experiment/HGVE233'),(352,'http://www.hgvbaseg2p.org/experiment/HGVE234'),(354,'http://www.hgvbaseg2p.org/experiment/HGVE235'),(356,'http://www.hgvbaseg2p.org/experiment/HGVE236'),(358,'http://www.hgvbaseg2p.org/experiment/HGVE237'),(360,'http://www.hgvbaseg2p.org/experiment/HGVE238'),(362,'http://www.hgvbaseg2p.org/experiment/HGVE239'),(364,'http://www.hgvbaseg2p.org/experiment/HGVE240'),(366,'http://www.hgvbaseg2p.org/experiment/HGVE241'),(368,'http://www.hgvbaseg2p.org/experiment/HGVE242'),(370,'http://www.hgvbaseg2p.org/experiment/HGVE243'),(372,'http://www.hgvbaseg2p.org/experiment/HGVE244'),(374,'http://www.hgvbaseg2p.org/experiment/HGVE245'),(376,'http://www.hgvbaseg2p.org/experiment/HGVE246'),(860,'http://www.hgvbaseg2p.org/experiment/HGVE247'),(378,'http://www.hgvbaseg2p.org/experiment/HGVE248'),(380,'http://www.hgvbaseg2p.org/experiment/HGVE249'),(382,'http://www.hgvbaseg2p.org/experiment/HGVE250'),(384,'http://www.hgvbaseg2p.org/experiment/HGVE251'),(386,'http://www.hgvbaseg2p.org/experiment/HGVE252'),(388,'http://www.hgvbaseg2p.org/experiment/HGVE253'),(390,'http://www.hgvbaseg2p.org/experiment/HGVE254'),(392,'http://www.hgvbaseg2p.org/experiment/HGVE255'),(395,'http://www.hgvbaseg2p.org/experiment/HGVE256'),(394,'http://www.hgvbaseg2p.org/experiment/HGVE257'),(396,'http://www.hgvbaseg2p.org/experiment/HGVE258'),(398,'http://www.hgvbaseg2p.org/experiment/HGVE259'),(400,'http://www.hgvbaseg2p.org/experiment/HGVE260'),(399,'http://www.hgvbaseg2p.org/experiment/HGVE261'),(402,'http://www.hgvbaseg2p.org/experiment/HGVE262'),(401,'http://www.hgvbaseg2p.org/experiment/HGVE263'),(403,'http://www.hgvbaseg2p.org/experiment/HGVE264'),(406,'http://www.hgvbaseg2p.org/experiment/HGVE265'),(405,'http://www.hgvbaseg2p.org/experiment/HGVE266'),(404,'http://www.hgvbaseg2p.org/experiment/HGVE267'),(407,'http://www.hgvbaseg2p.org/experiment/HGVE268'),(408,'http://www.hgvbaseg2p.org/experiment/HGVE269'),(410,'http://www.hgvbaseg2p.org/experiment/HGVE270'),(409,'http://www.hgvbaseg2p.org/experiment/HGVE271'),(412,'http://www.hgvbaseg2p.org/experiment/HGVE272'),(411,'http://www.hgvbaseg2p.org/experiment/HGVE273'),(414,'http://www.hgvbaseg2p.org/experiment/HGVE274'),(418,'http://www.hgvbaseg2p.org/experiment/HGVE275'),(417,'http://www.hgvbaseg2p.org/experiment/HGVE276'),(416,'http://www.hgvbaseg2p.org/experiment/HGVE277'),(419,'http://www.hgvbaseg2p.org/experiment/HGVE278'),(420,'http://www.hgvbaseg2p.org/experiment/HGVE279'),(422,'http://www.hgvbaseg2p.org/experiment/HGVE280'),(424,'http://www.hgvbaseg2p.org/experiment/HGVE281'),(426,'http://www.hgvbaseg2p.org/experiment/HGVE282'),(425,'http://www.hgvbaseg2p.org/experiment/HGVE283'),(427,'http://www.hgvbaseg2p.org/experiment/HGVE284'),(429,'http://www.hgvbaseg2p.org/experiment/HGVE285'),(430,'http://www.hgvbaseg2p.org/experiment/HGVE286'),(431,'http://www.hgvbaseg2p.org/experiment/HGVE287'),(432,'http://www.hgvbaseg2p.org/experiment/HGVE288'),(433,'http://www.hgvbaseg2p.org/experiment/HGVE289'),(434,'http://www.hgvbaseg2p.org/experiment/HGVE290'),(435,'http://www.hgvbaseg2p.org/experiment/HGVE291'),(436,'http://www.hgvbaseg2p.org/experiment/HGVE292'),(437,'http://www.hgvbaseg2p.org/experiment/HGVE293'),(438,'http://www.hgvbaseg2p.org/experiment/HGVE294'),(439,'http://www.hgvbaseg2p.org/experiment/HGVE295'),(440,'http://www.hgvbaseg2p.org/experiment/HGVE296'),(441,'http://www.hgvbaseg2p.org/experiment/HGVE297'),(442,'http://www.hgvbaseg2p.org/experiment/HGVE298'),(443,'http://www.hgvbaseg2p.org/experiment/HGVE299'),(444,'http://www.hgvbaseg2p.org/experiment/HGVE300'),(445,'http://www.hgvbaseg2p.org/experiment/HGVE301'),(447,'http://www.hgvbaseg2p.org/experiment/HGVE302'),(446,'http://www.hgvbaseg2p.org/experiment/HGVE303'),(448,'http://www.hgvbaseg2p.org/experiment/HGVE304'),(449,'http://www.hgvbaseg2p.org/experiment/HGVE305'),(450,'http://www.hgvbaseg2p.org/experiment/HGVE306'),(452,'http://www.hgvbaseg2p.org/experiment/HGVE307'),(454,'http://www.hgvbaseg2p.org/experiment/HGVE308'),(453,'http://www.hgvbaseg2p.org/experiment/HGVE309'),(456,'http://www.hgvbaseg2p.org/experiment/HGVE310'),(455,'http://www.hgvbaseg2p.org/experiment/HGVE311'),(459,'http://www.hgvbaseg2p.org/experiment/HGVE312'),(458,'http://www.hgvbaseg2p.org/experiment/HGVE313'),(457,'http://www.hgvbaseg2p.org/experiment/HGVE314'),(460,'http://www.hgvbaseg2p.org/experiment/HGVE315'),(461,'http://www.hgvbaseg2p.org/experiment/HGVE316'),(462,'http://www.hgvbaseg2p.org/experiment/HGVE317'),(463,'http://www.hgvbaseg2p.org/experiment/HGVE318'),(464,'http://www.hgvbaseg2p.org/experiment/HGVE319'),(465,'http://www.hgvbaseg2p.org/experiment/HGVE320'),(466,'http://www.hgvbaseg2p.org/experiment/HGVE321'),(467,'http://www.hgvbaseg2p.org/experiment/HGVE322'),(468,'http://www.hgvbaseg2p.org/experiment/HGVE323'),(469,'http://www.hgvbaseg2p.org/experiment/HGVE324'),(471,'http://www.hgvbaseg2p.org/experiment/HGVE325'),(472,'http://www.hgvbaseg2p.org/experiment/HGVE326'),(473,'http://www.hgvbaseg2p.org/experiment/HGVE327'),(475,'http://www.hgvbaseg2p.org/experiment/HGVE328'),(476,'http://www.hgvbaseg2p.org/experiment/HGVE329'),(2,'http://www.hgvbaseg2p.org/experiment/HGVE33'),(477,'http://www.hgvbaseg2p.org/experiment/HGVE330'),(478,'http://www.hgvbaseg2p.org/experiment/HGVE331'),(482,'http://www.hgvbaseg2p.org/experiment/HGVE332'),(484,'http://www.hgvbaseg2p.org/experiment/HGVE333'),(483,'http://www.hgvbaseg2p.org/experiment/HGVE334'),(486,'http://www.hgvbaseg2p.org/experiment/HGVE335'),(480,'http://www.hgvbaseg2p.org/experiment/HGVE336'),(481,'http://www.hgvbaseg2p.org/experiment/HGVE337'),(485,'http://www.hgvbaseg2p.org/experiment/HGVE338'),(487,'http://www.hgvbaseg2p.org/experiment/HGVE339'),(4,'http://www.hgvbaseg2p.org/experiment/HGVE34'),(488,'http://www.hgvbaseg2p.org/experiment/HGVE340'),(490,'http://www.hgvbaseg2p.org/experiment/HGVE341'),(491,'http://www.hgvbaseg2p.org/experiment/HGVE342'),(492,'http://www.hgvbaseg2p.org/experiment/HGVE343'),(495,'http://www.hgvbaseg2p.org/experiment/HGVE344'),(494,'http://www.hgvbaseg2p.org/experiment/HGVE345'),(493,'http://www.hgvbaseg2p.org/experiment/HGVE346'),(496,'http://www.hgvbaseg2p.org/experiment/HGVE347'),(497,'http://www.hgvbaseg2p.org/experiment/HGVE348'),(498,'http://www.hgvbaseg2p.org/experiment/HGVE349'),(6,'http://www.hgvbaseg2p.org/experiment/HGVE35'),(501,'http://www.hgvbaseg2p.org/experiment/HGVE350'),(500,'http://www.hgvbaseg2p.org/experiment/HGVE351'),(499,'http://www.hgvbaseg2p.org/experiment/HGVE352'),(502,'http://www.hgvbaseg2p.org/experiment/HGVE353'),(503,'http://www.hgvbaseg2p.org/experiment/HGVE354'),(504,'http://www.hgvbaseg2p.org/experiment/HGVE355'),(506,'http://www.hgvbaseg2p.org/experiment/HGVE356'),(507,'http://www.hgvbaseg2p.org/experiment/HGVE357'),(508,'http://www.hgvbaseg2p.org/experiment/HGVE358'),(509,'http://www.hgvbaseg2p.org/experiment/HGVE359'),(8,'http://www.hgvbaseg2p.org/experiment/HGVE36'),(511,'http://www.hgvbaseg2p.org/experiment/HGVE360'),(510,'http://www.hgvbaseg2p.org/experiment/HGVE361'),(512,'http://www.hgvbaseg2p.org/experiment/HGVE362'),(514,'http://www.hgvbaseg2p.org/experiment/HGVE363'),(515,'http://www.hgvbaseg2p.org/experiment/HGVE364'),(516,'http://www.hgvbaseg2p.org/experiment/HGVE365'),(518,'http://www.hgvbaseg2p.org/experiment/HGVE366'),(517,'http://www.hgvbaseg2p.org/experiment/HGVE367'),(520,'http://www.hgvbaseg2p.org/experiment/HGVE368'),(521,'http://www.hgvbaseg2p.org/experiment/HGVE369'),(10,'http://www.hgvbaseg2p.org/experiment/HGVE37'),(522,'http://www.hgvbaseg2p.org/experiment/HGVE370'),(525,'http://www.hgvbaseg2p.org/experiment/HGVE371'),(524,'http://www.hgvbaseg2p.org/experiment/HGVE372'),(523,'http://www.hgvbaseg2p.org/experiment/HGVE373'),(527,'http://www.hgvbaseg2p.org/experiment/HGVE374'),(529,'http://www.hgvbaseg2p.org/experiment/HGVE375'),(528,'http://www.hgvbaseg2p.org/experiment/HGVE376'),(530,'http://www.hgvbaseg2p.org/experiment/HGVE377'),(531,'http://www.hgvbaseg2p.org/experiment/HGVE378'),(532,'http://www.hgvbaseg2p.org/experiment/HGVE379'),(12,'http://www.hgvbaseg2p.org/experiment/HGVE38'),(533,'http://www.hgvbaseg2p.org/experiment/HGVE380'),(534,'http://www.hgvbaseg2p.org/experiment/HGVE381'),(535,'http://www.hgvbaseg2p.org/experiment/HGVE382'),(536,'http://www.hgvbaseg2p.org/experiment/HGVE383'),(537,'http://www.hgvbaseg2p.org/experiment/HGVE384'),(540,'http://www.hgvbaseg2p.org/experiment/HGVE385'),(539,'http://www.hgvbaseg2p.org/experiment/HGVE386'),(538,'http://www.hgvbaseg2p.org/experiment/HGVE387'),(543,'http://www.hgvbaseg2p.org/experiment/HGVE388'),(542,'http://www.hgvbaseg2p.org/experiment/HGVE389'),(14,'http://www.hgvbaseg2p.org/experiment/HGVE39'),(546,'http://www.hgvbaseg2p.org/experiment/HGVE390'),(547,'http://www.hgvbaseg2p.org/experiment/HGVE391'),(548,'http://www.hgvbaseg2p.org/experiment/HGVE392'),(544,'http://www.hgvbaseg2p.org/experiment/HGVE393'),(545,'http://www.hgvbaseg2p.org/experiment/HGVE394'),(549,'http://www.hgvbaseg2p.org/experiment/HGVE395'),(551,'http://www.hgvbaseg2p.org/experiment/HGVE396'),(553,'http://www.hgvbaseg2p.org/experiment/HGVE397'),(554,'http://www.hgvbaseg2p.org/experiment/HGVE398'),(555,'http://www.hgvbaseg2p.org/experiment/HGVE399'),(16,'http://www.hgvbaseg2p.org/experiment/HGVE40'),(556,'http://www.hgvbaseg2p.org/experiment/HGVE400'),(557,'http://www.hgvbaseg2p.org/experiment/HGVE401'),(558,'http://www.hgvbaseg2p.org/experiment/HGVE402'),(561,'http://www.hgvbaseg2p.org/experiment/HGVE403'),(562,'http://www.hgvbaseg2p.org/experiment/HGVE404'),(560,'http://www.hgvbaseg2p.org/experiment/HGVE405'),(559,'http://www.hgvbaseg2p.org/experiment/HGVE406'),(564,'http://www.hgvbaseg2p.org/experiment/HGVE407'),(565,'http://www.hgvbaseg2p.org/experiment/HGVE408'),(566,'http://www.hgvbaseg2p.org/experiment/HGVE409'),(19,'http://www.hgvbaseg2p.org/experiment/HGVE41'),(567,'http://www.hgvbaseg2p.org/experiment/HGVE410'),(569,'http://www.hgvbaseg2p.org/experiment/HGVE411'),(568,'http://www.hgvbaseg2p.org/experiment/HGVE412'),(572,'http://www.hgvbaseg2p.org/experiment/HGVE413'),(571,'http://www.hgvbaseg2p.org/experiment/HGVE414'),(573,'http://www.hgvbaseg2p.org/experiment/HGVE415'),(577,'http://www.hgvbaseg2p.org/experiment/HGVE416'),(576,'http://www.hgvbaseg2p.org/experiment/HGVE417'),(575,'http://www.hgvbaseg2p.org/experiment/HGVE418'),(578,'http://www.hgvbaseg2p.org/experiment/HGVE419'),(18,'http://www.hgvbaseg2p.org/experiment/HGVE42'),(579,'http://www.hgvbaseg2p.org/experiment/HGVE420'),(580,'http://www.hgvbaseg2p.org/experiment/HGVE421'),(582,'http://www.hgvbaseg2p.org/experiment/HGVE422'),(583,'http://www.hgvbaseg2p.org/experiment/HGVE423'),(585,'http://www.hgvbaseg2p.org/experiment/HGVE424'),(587,'http://www.hgvbaseg2p.org/experiment/HGVE425'),(589,'http://www.hgvbaseg2p.org/experiment/HGVE426'),(591,'http://www.hgvbaseg2p.org/experiment/HGVE427'),(593,'http://www.hgvbaseg2p.org/experiment/HGVE428'),(597,'http://www.hgvbaseg2p.org/experiment/HGVE429'),(20,'http://www.hgvbaseg2p.org/experiment/HGVE43'),(596,'http://www.hgvbaseg2p.org/experiment/HGVE430'),(595,'http://www.hgvbaseg2p.org/experiment/HGVE431'),(598,'http://www.hgvbaseg2p.org/experiment/HGVE432'),(599,'http://www.hgvbaseg2p.org/experiment/HGVE433'),(601,'http://www.hgvbaseg2p.org/experiment/HGVE434'),(600,'http://www.hgvbaseg2p.org/experiment/HGVE435'),(603,'http://www.hgvbaseg2p.org/experiment/HGVE436'),(607,'http://www.hgvbaseg2p.org/experiment/HGVE437'),(606,'http://www.hgvbaseg2p.org/experiment/HGVE438'),(605,'http://www.hgvbaseg2p.org/experiment/HGVE439'),(21,'http://www.hgvbaseg2p.org/experiment/HGVE44'),(608,'http://www.hgvbaseg2p.org/experiment/HGVE440'),(609,'http://www.hgvbaseg2p.org/experiment/HGVE441'),(610,'http://www.hgvbaseg2p.org/experiment/HGVE442'),(611,'http://www.hgvbaseg2p.org/experiment/HGVE443'),(612,'http://www.hgvbaseg2p.org/experiment/HGVE444'),(614,'http://www.hgvbaseg2p.org/experiment/HGVE445'),(613,'http://www.hgvbaseg2p.org/experiment/HGVE446'),(615,'http://www.hgvbaseg2p.org/experiment/HGVE447'),(616,'http://www.hgvbaseg2p.org/experiment/HGVE448'),(617,'http://www.hgvbaseg2p.org/experiment/HGVE449'),(22,'http://www.hgvbaseg2p.org/experiment/HGVE45'),(618,'http://www.hgvbaseg2p.org/experiment/HGVE450'),(619,'http://www.hgvbaseg2p.org/experiment/HGVE451'),(620,'http://www.hgvbaseg2p.org/experiment/HGVE452'),(621,'http://www.hgvbaseg2p.org/experiment/HGVE453'),(623,'http://www.hgvbaseg2p.org/experiment/HGVE454'),(622,'http://www.hgvbaseg2p.org/experiment/HGVE455'),(624,'http://www.hgvbaseg2p.org/experiment/HGVE456'),(625,'http://www.hgvbaseg2p.org/experiment/HGVE457'),(626,'http://www.hgvbaseg2p.org/experiment/HGVE458'),(627,'http://www.hgvbaseg2p.org/experiment/HGVE459'),(24,'http://www.hgvbaseg2p.org/experiment/HGVE46'),(628,'http://www.hgvbaseg2p.org/experiment/HGVE460'),(631,'http://www.hgvbaseg2p.org/experiment/HGVE461'),(630,'http://www.hgvbaseg2p.org/experiment/HGVE462'),(629,'http://www.hgvbaseg2p.org/experiment/HGVE463'),(633,'http://www.hgvbaseg2p.org/experiment/HGVE464'),(635,'http://www.hgvbaseg2p.org/experiment/HGVE465'),(636,'http://www.hgvbaseg2p.org/experiment/HGVE466'),(637,'http://www.hgvbaseg2p.org/experiment/HGVE467'),(639,'http://www.hgvbaseg2p.org/experiment/HGVE468'),(641,'http://www.hgvbaseg2p.org/experiment/HGVE469'),(25,'http://www.hgvbaseg2p.org/experiment/HGVE47'),(643,'http://www.hgvbaseg2p.org/experiment/HGVE470'),(645,'http://www.hgvbaseg2p.org/experiment/HGVE471'),(647,'http://www.hgvbaseg2p.org/experiment/HGVE472'),(649,'http://www.hgvbaseg2p.org/experiment/HGVE473'),(651,'http://www.hgvbaseg2p.org/experiment/HGVE474'),(653,'http://www.hgvbaseg2p.org/experiment/HGVE475'),(655,'http://www.hgvbaseg2p.org/experiment/HGVE476'),(656,'http://www.hgvbaseg2p.org/experiment/HGVE477'),(657,'http://www.hgvbaseg2p.org/experiment/HGVE478'),(659,'http://www.hgvbaseg2p.org/experiment/HGVE479'),(27,'http://www.hgvbaseg2p.org/experiment/HGVE48'),(661,'http://www.hgvbaseg2p.org/experiment/HGVE480'),(662,'http://www.hgvbaseg2p.org/experiment/HGVE481'),(664,'http://www.hgvbaseg2p.org/experiment/HGVE482'),(666,'http://www.hgvbaseg2p.org/experiment/HGVE483'),(668,'http://www.hgvbaseg2p.org/experiment/HGVE484'),(670,'http://www.hgvbaseg2p.org/experiment/HGVE485'),(672,'http://www.hgvbaseg2p.org/experiment/HGVE486'),(674,'http://www.hgvbaseg2p.org/experiment/HGVE487'),(676,'http://www.hgvbaseg2p.org/experiment/HGVE488'),(678,'http://www.hgvbaseg2p.org/experiment/HGVE489'),(29,'http://www.hgvbaseg2p.org/experiment/HGVE49'),(680,'http://www.hgvbaseg2p.org/experiment/HGVE490'),(681,'http://www.hgvbaseg2p.org/experiment/HGVE491'),(683,'http://www.hgvbaseg2p.org/experiment/HGVE492'),(685,'http://www.hgvbaseg2p.org/experiment/HGVE493'),(687,'http://www.hgvbaseg2p.org/experiment/HGVE494'),(689,'http://www.hgvbaseg2p.org/experiment/HGVE495'),(691,'http://www.hgvbaseg2p.org/experiment/HGVE496'),(693,'http://www.hgvbaseg2p.org/experiment/HGVE497'),(695,'http://www.hgvbaseg2p.org/experiment/HGVE498'),(697,'http://www.hgvbaseg2p.org/experiment/HGVE499'),(867,'http://www.hgvbaseg2p.org/experiment/HGVE50'),(699,'http://www.hgvbaseg2p.org/experiment/HGVE500'),(701,'http://www.hgvbaseg2p.org/experiment/HGVE501'),(703,'http://www.hgvbaseg2p.org/experiment/HGVE502'),(705,'http://www.hgvbaseg2p.org/experiment/HGVE503'),(707,'http://www.hgvbaseg2p.org/experiment/HGVE504'),(709,'http://www.hgvbaseg2p.org/experiment/HGVE505'),(711,'http://www.hgvbaseg2p.org/experiment/HGVE506'),(713,'http://www.hgvbaseg2p.org/experiment/HGVE507'),(715,'http://www.hgvbaseg2p.org/experiment/HGVE508'),(717,'http://www.hgvbaseg2p.org/experiment/HGVE509'),(31,'http://www.hgvbaseg2p.org/experiment/HGVE51'),(719,'http://www.hgvbaseg2p.org/experiment/HGVE510'),(721,'http://www.hgvbaseg2p.org/experiment/HGVE511'),(722,'http://www.hgvbaseg2p.org/experiment/HGVE512'),(723,'http://www.hgvbaseg2p.org/experiment/HGVE513'),(724,'http://www.hgvbaseg2p.org/experiment/HGVE514'),(726,'http://www.hgvbaseg2p.org/experiment/HGVE515'),(728,'http://www.hgvbaseg2p.org/experiment/HGVE516'),(730,'http://www.hgvbaseg2p.org/experiment/HGVE517'),(732,'http://www.hgvbaseg2p.org/experiment/HGVE518'),(734,'http://www.hgvbaseg2p.org/experiment/HGVE519'),(33,'http://www.hgvbaseg2p.org/experiment/HGVE52'),(735,'http://www.hgvbaseg2p.org/experiment/HGVE520'),(737,'http://www.hgvbaseg2p.org/experiment/HGVE521'),(739,'http://www.hgvbaseg2p.org/experiment/HGVE522'),(741,'http://www.hgvbaseg2p.org/experiment/HGVE523'),(743,'http://www.hgvbaseg2p.org/experiment/HGVE524'),(745,'http://www.hgvbaseg2p.org/experiment/HGVE525'),(747,'http://www.hgvbaseg2p.org/experiment/HGVE526'),(748,'http://www.hgvbaseg2p.org/experiment/HGVE527'),(750,'http://www.hgvbaseg2p.org/experiment/HGVE528'),(752,'http://www.hgvbaseg2p.org/experiment/HGVE529'),(35,'http://www.hgvbaseg2p.org/experiment/HGVE53'),(754,'http://www.hgvbaseg2p.org/experiment/HGVE530'),(756,'http://www.hgvbaseg2p.org/experiment/HGVE531'),(758,'http://www.hgvbaseg2p.org/experiment/HGVE532'),(759,'http://www.hgvbaseg2p.org/experiment/HGVE533'),(760,'http://www.hgvbaseg2p.org/experiment/HGVE534'),(762,'http://www.hgvbaseg2p.org/experiment/HGVE535'),(764,'http://www.hgvbaseg2p.org/experiment/HGVE536'),(766,'http://www.hgvbaseg2p.org/experiment/HGVE537'),(769,'http://www.hgvbaseg2p.org/experiment/HGVE538'),(768,'http://www.hgvbaseg2p.org/experiment/HGVE539'),(37,'http://www.hgvbaseg2p.org/experiment/HGVE54'),(771,'http://www.hgvbaseg2p.org/experiment/HGVE540'),(773,'http://www.hgvbaseg2p.org/experiment/HGVE541'),(775,'http://www.hgvbaseg2p.org/experiment/HGVE542'),(777,'http://www.hgvbaseg2p.org/experiment/HGVE543'),(780,'http://www.hgvbaseg2p.org/experiment/HGVE544'),(779,'http://www.hgvbaseg2p.org/experiment/HGVE545'),(781,'http://www.hgvbaseg2p.org/experiment/HGVE546'),(783,'http://www.hgvbaseg2p.org/experiment/HGVE547'),(785,'http://www.hgvbaseg2p.org/experiment/HGVE548'),(788,'http://www.hgvbaseg2p.org/experiment/HGVE549'),(39,'http://www.hgvbaseg2p.org/experiment/HGVE55'),(787,'http://www.hgvbaseg2p.org/experiment/HGVE550'),(790,'http://www.hgvbaseg2p.org/experiment/HGVE551'),(792,'http://www.hgvbaseg2p.org/experiment/HGVE552'),(794,'http://www.hgvbaseg2p.org/experiment/HGVE553'),(796,'http://www.hgvbaseg2p.org/experiment/HGVE554'),(798,'http://www.hgvbaseg2p.org/experiment/HGVE555'),(800,'http://www.hgvbaseg2p.org/experiment/HGVE556'),(802,'http://www.hgvbaseg2p.org/experiment/HGVE557'),(804,'http://www.hgvbaseg2p.org/experiment/HGVE558'),(806,'http://www.hgvbaseg2p.org/experiment/HGVE559'),(40,'http://www.hgvbaseg2p.org/experiment/HGVE56'),(808,'http://www.hgvbaseg2p.org/experiment/HGVE560'),(810,'http://www.hgvbaseg2p.org/experiment/HGVE561'),(812,'http://www.hgvbaseg2p.org/experiment/HGVE564'),(813,'http://www.hgvbaseg2p.org/experiment/HGVE565'),(814,'http://www.hgvbaseg2p.org/experiment/HGVE566'),(816,'http://www.hgvbaseg2p.org/experiment/HGVE567'),(817,'http://www.hgvbaseg2p.org/experiment/HGVE568'),(818,'http://www.hgvbaseg2p.org/experiment/HGVE569'),(42,'http://www.hgvbaseg2p.org/experiment/HGVE57'),(820,'http://www.hgvbaseg2p.org/experiment/HGVE570'),(821,'http://www.hgvbaseg2p.org/experiment/HGVE571'),(822,'http://www.hgvbaseg2p.org/experiment/HGVE572'),(824,'http://www.hgvbaseg2p.org/experiment/HGVE573'),(825,'http://www.hgvbaseg2p.org/experiment/HGVE574'),(826,'http://www.hgvbaseg2p.org/experiment/HGVE575'),(828,'http://www.hgvbaseg2p.org/experiment/HGVE576'),(829,'http://www.hgvbaseg2p.org/experiment/HGVE577'),(830,'http://www.hgvbaseg2p.org/experiment/HGVE578'),(832,'http://www.hgvbaseg2p.org/experiment/HGVE579'),(44,'http://www.hgvbaseg2p.org/experiment/HGVE58'),(833,'http://www.hgvbaseg2p.org/experiment/HGVE580'),(834,'http://www.hgvbaseg2p.org/experiment/HGVE581'),(836,'http://www.hgvbaseg2p.org/experiment/HGVE582'),(837,'http://www.hgvbaseg2p.org/experiment/HGVE583'),(838,'http://www.hgvbaseg2p.org/experiment/HGVE584'),(840,'http://www.hgvbaseg2p.org/experiment/HGVE585'),(841,'http://www.hgvbaseg2p.org/experiment/HGVE586'),(842,'http://www.hgvbaseg2p.org/experiment/HGVE587'),(844,'http://www.hgvbaseg2p.org/experiment/HGVE588'),(845,'http://www.hgvbaseg2p.org/experiment/HGVE589'),(46,'http://www.hgvbaseg2p.org/experiment/HGVE59'),(846,'http://www.hgvbaseg2p.org/experiment/HGVE590'),(848,'http://www.hgvbaseg2p.org/experiment/HGVE591'),(849,'http://www.hgvbaseg2p.org/experiment/HGVE592'),(850,'http://www.hgvbaseg2p.org/experiment/HGVE593'),(852,'http://www.hgvbaseg2p.org/experiment/HGVE594'),(853,'http://www.hgvbaseg2p.org/experiment/HGVE595'),(854,'http://www.hgvbaseg2p.org/experiment/HGVE596'),(855,'http://www.hgvbaseg2p.org/experiment/HGVE597'),(856,'http://www.hgvbaseg2p.org/experiment/HGVE598'),(857,'http://www.hgvbaseg2p.org/experiment/HGVE599'),(48,'http://www.hgvbaseg2p.org/experiment/HGVE60'),(858,'http://www.hgvbaseg2p.org/experiment/HGVE600'),(861,'http://www.hgvbaseg2p.org/experiment/HGVE601'),(862,'http://www.hgvbaseg2p.org/experiment/HGVE602'),(865,'http://www.hgvbaseg2p.org/experiment/HGVE603'),(869,'http://www.hgvbaseg2p.org/experiment/HGVE604'),(870,'http://www.hgvbaseg2p.org/experiment/HGVE605'),(871,'http://www.hgvbaseg2p.org/experiment/HGVE606'),(872,'http://www.hgvbaseg2p.org/experiment/HGVE607'),(873,'http://www.hgvbaseg2p.org/experiment/HGVE608'),(875,'http://www.hgvbaseg2p.org/experiment/HGVE609'),(49,'http://www.hgvbaseg2p.org/experiment/HGVE61'),(876,'http://www.hgvbaseg2p.org/experiment/HGVE610'),(877,'http://www.hgvbaseg2p.org/experiment/HGVE611'),(878,'http://www.hgvbaseg2p.org/experiment/HGVE612'),(879,'http://www.hgvbaseg2p.org/experiment/HGVE613'),(880,'http://www.hgvbaseg2p.org/experiment/HGVE614'),(881,'http://www.hgvbaseg2p.org/experiment/HGVE615'),(882,'http://www.hgvbaseg2p.org/experiment/HGVE616'),(884,'http://www.hgvbaseg2p.org/experiment/HGVE617'),(886,'http://www.hgvbaseg2p.org/experiment/HGVE618'),(887,'http://www.hgvbaseg2p.org/experiment/HGVE619'),(51,'http://www.hgvbaseg2p.org/experiment/HGVE62'),(888,'http://www.hgvbaseg2p.org/experiment/HGVE620'),(889,'http://www.hgvbaseg2p.org/experiment/HGVE621'),(891,'http://www.hgvbaseg2p.org/experiment/HGVE623'),(893,'http://www.hgvbaseg2p.org/experiment/HGVE624'),(895,'http://www.hgvbaseg2p.org/experiment/HGVE625'),(897,'http://www.hgvbaseg2p.org/experiment/HGVE626'),(899,'http://www.hgvbaseg2p.org/experiment/HGVE627'),(901,'http://www.hgvbaseg2p.org/experiment/HGVE628'),(903,'http://www.hgvbaseg2p.org/experiment/HGVE629'),(53,'http://www.hgvbaseg2p.org/experiment/HGVE63'),(905,'http://www.hgvbaseg2p.org/experiment/HGVE630'),(907,'http://www.hgvbaseg2p.org/experiment/HGVE631'),(909,'http://www.hgvbaseg2p.org/experiment/HGVE632'),(911,'http://www.hgvbaseg2p.org/experiment/HGVE633'),(913,'http://www.hgvbaseg2p.org/experiment/HGVE634'),(915,'http://www.hgvbaseg2p.org/experiment/HGVE635'),(917,'http://www.hgvbaseg2p.org/experiment/HGVE636'),(919,'http://www.hgvbaseg2p.org/experiment/HGVE637'),(921,'http://www.hgvbaseg2p.org/experiment/HGVE638'),(923,'http://www.hgvbaseg2p.org/experiment/HGVE639'),(54,'http://www.hgvbaseg2p.org/experiment/HGVE64'),(925,'http://www.hgvbaseg2p.org/experiment/HGVE640'),(927,'http://www.hgvbaseg2p.org/experiment/HGVE641'),(929,'http://www.hgvbaseg2p.org/experiment/HGVE642'),(931,'http://www.hgvbaseg2p.org/experiment/HGVE643'),(933,'http://www.hgvbaseg2p.org/experiment/HGVE644'),(935,'http://www.hgvbaseg2p.org/experiment/HGVE645'),(937,'http://www.hgvbaseg2p.org/experiment/HGVE646'),(939,'http://www.hgvbaseg2p.org/experiment/HGVE647'),(941,'http://www.hgvbaseg2p.org/experiment/HGVE648'),(943,'http://www.hgvbaseg2p.org/experiment/HGVE649'),(55,'http://www.hgvbaseg2p.org/experiment/HGVE65'),(945,'http://www.hgvbaseg2p.org/experiment/HGVE650'),(947,'http://www.hgvbaseg2p.org/experiment/HGVE651'),(949,'http://www.hgvbaseg2p.org/experiment/HGVE652'),(951,'http://www.hgvbaseg2p.org/experiment/HGVE653'),(953,'http://www.hgvbaseg2p.org/experiment/HGVE654'),(955,'http://www.hgvbaseg2p.org/experiment/HGVE655'),(957,'http://www.hgvbaseg2p.org/experiment/HGVE656'),(959,'http://www.hgvbaseg2p.org/experiment/HGVE657'),(961,'http://www.hgvbaseg2p.org/experiment/HGVE658'),(963,'http://www.hgvbaseg2p.org/experiment/HGVE659'),(56,'http://www.hgvbaseg2p.org/experiment/HGVE66'),(964,'http://www.hgvbaseg2p.org/experiment/HGVE660'),(965,'http://www.hgvbaseg2p.org/experiment/HGVE661'),(966,'http://www.hgvbaseg2p.org/experiment/HGVE662'),(967,'http://www.hgvbaseg2p.org/experiment/HGVE663'),(968,'http://www.hgvbaseg2p.org/experiment/HGVE664'),(969,'http://www.hgvbaseg2p.org/experiment/HGVE665'),(971,'http://www.hgvbaseg2p.org/experiment/HGVE666'),(973,'http://www.hgvbaseg2p.org/experiment/HGVE667'),(975,'http://www.hgvbaseg2p.org/experiment/HGVE668'),(977,'http://www.hgvbaseg2p.org/experiment/HGVE669'),(59,'http://www.hgvbaseg2p.org/experiment/HGVE67'),(979,'http://www.hgvbaseg2p.org/experiment/HGVE670'),(981,'http://www.hgvbaseg2p.org/experiment/HGVE671'),(984,'http://www.hgvbaseg2p.org/experiment/HGVE672'),(983,'http://www.hgvbaseg2p.org/experiment/HGVE673'),(986,'http://www.hgvbaseg2p.org/experiment/HGVE674'),(988,'http://www.hgvbaseg2p.org/experiment/HGVE675'),(990,'http://www.hgvbaseg2p.org/experiment/HGVE676'),(992,'http://www.hgvbaseg2p.org/experiment/HGVE677'),(994,'http://www.hgvbaseg2p.org/experiment/HGVE678'),(997,'http://www.hgvbaseg2p.org/experiment/HGVE679'),(58,'http://www.hgvbaseg2p.org/experiment/HGVE68'),(996,'http://www.hgvbaseg2p.org/experiment/HGVE680'),(998,'http://www.hgvbaseg2p.org/experiment/HGVE681'),(999,'http://www.hgvbaseg2p.org/experiment/HGVE682'),(1001,'http://www.hgvbaseg2p.org/experiment/HGVE683'),(1003,'http://www.hgvbaseg2p.org/experiment/HGVE684'),(1005,'http://www.hgvbaseg2p.org/experiment/HGVE685'),(1007,'http://www.hgvbaseg2p.org/experiment/HGVE686'),(1008,'http://www.hgvbaseg2p.org/experiment/HGVE687'),(1009,'http://www.hgvbaseg2p.org/experiment/HGVE688'),(1010,'http://www.hgvbaseg2p.org/experiment/HGVE689'),(62,'http://www.hgvbaseg2p.org/experiment/HGVE69'),(1012,'http://www.hgvbaseg2p.org/experiment/HGVE690'),(1013,'http://www.hgvbaseg2p.org/experiment/HGVE691'),(1014,'http://www.hgvbaseg2p.org/experiment/HGVE692'),(1016,'http://www.hgvbaseg2p.org/experiment/HGVE693'),(1018,'http://www.hgvbaseg2p.org/experiment/HGVE694'),(1020,'http://www.hgvbaseg2p.org/experiment/HGVE695'),(61,'http://www.hgvbaseg2p.org/experiment/HGVE70'),(64,'http://www.hgvbaseg2p.org/experiment/HGVE71'),(66,'http://www.hgvbaseg2p.org/experiment/HGVE72'),(68,'http://www.hgvbaseg2p.org/experiment/HGVE73'),(70,'http://www.hgvbaseg2p.org/experiment/HGVE74'),(72,'http://www.hgvbaseg2p.org/experiment/HGVE75'),(74,'http://www.hgvbaseg2p.org/experiment/HGVE76'),(76,'http://www.hgvbaseg2p.org/experiment/HGVE77'),(78,'http://www.hgvbaseg2p.org/experiment/HGVE78'),(80,'http://www.hgvbaseg2p.org/experiment/HGVE79'),(82,'http://www.hgvbaseg2p.org/experiment/HGVE80'),(81,'http://www.hgvbaseg2p.org/experiment/HGVE81'),(84,'http://www.hgvbaseg2p.org/experiment/HGVE82'),(87,'http://www.hgvbaseg2p.org/experiment/HGVE83'),(86,'http://www.hgvbaseg2p.org/experiment/HGVE84'),(88,'http://www.hgvbaseg2p.org/experiment/HGVE85'),(90,'http://www.hgvbaseg2p.org/experiment/HGVE86'),(92,'http://www.hgvbaseg2p.org/experiment/HGVE87'),(94,'http://www.hgvbaseg2p.org/experiment/HGVE88'),(95,'http://www.hgvbaseg2p.org/experiment/HGVE89'),(97,'http://www.hgvbaseg2p.org/experiment/HGVE90'),(96,'http://www.hgvbaseg2p.org/experiment/HGVE91'),(99,'http://www.hgvbaseg2p.org/experiment/HGVE92'),(101,'http://www.hgvbaseg2p.org/experiment/HGVE93'),(103,'http://www.hgvbaseg2p.org/experiment/HGVE94'),(1022,'http://www.hgvbaseg2p.org/experiment/HGVE961'),(1023,'http://www.hgvbaseg2p.org/experiment/HGVE962'),(1024,'http://www.hgvbaseg2p.org/experiment/HGVE963'),(1025,'http://www.hgvbaseg2p.org/experiment/HGVE964'),(1026,'http://www.hgvbaseg2p.org/experiment/HGVE965'),(105,'http://www.hgvbaseg2p.org/experiment/HGVE98'),(107,'http://www.hgvbaseg2p.org/experiment/HGVE99'),(203,'http://www.hgvbaseg2p.org/study/HGVST100'),(205,'http://www.hgvbaseg2p.org/study/HGVST101'),(207,'http://www.hgvbaseg2p.org/study/HGVST102'),(209,'http://www.hgvbaseg2p.org/study/HGVST103'),(211,'http://www.hgvbaseg2p.org/study/HGVST104'),(213,'http://www.hgvbaseg2p.org/study/HGVST105'),(215,'http://www.hgvbaseg2p.org/study/HGVST106'),(217,'http://www.hgvbaseg2p.org/study/HGVST107'),(219,'http://www.hgvbaseg2p.org/study/HGVST108'),(221,'http://www.hgvbaseg2p.org/study/HGVST109'),(223,'http://www.hgvbaseg2p.org/study/HGVST110'),(225,'http://www.hgvbaseg2p.org/study/HGVST111'),(227,'http://www.hgvbaseg2p.org/study/HGVST112'),(233,'http://www.hgvbaseg2p.org/study/HGVST113'),(235,'http://www.hgvbaseg2p.org/study/HGVST114'),(237,'http://www.hgvbaseg2p.org/study/HGVST115'),(239,'http://www.hgvbaseg2p.org/study/HGVST116'),(241,'http://www.hgvbaseg2p.org/study/HGVST117'),(243,'http://www.hgvbaseg2p.org/study/HGVST118'),(245,'http://www.hgvbaseg2p.org/study/HGVST119'),(247,'http://www.hgvbaseg2p.org/study/HGVST120'),(249,'http://www.hgvbaseg2p.org/study/HGVST121'),(251,'http://www.hgvbaseg2p.org/study/HGVST122'),(253,'http://www.hgvbaseg2p.org/study/HGVST123'),(255,'http://www.hgvbaseg2p.org/study/HGVST124'),(257,'http://www.hgvbaseg2p.org/study/HGVST125'),(259,'http://www.hgvbaseg2p.org/study/HGVST126'),(261,'http://www.hgvbaseg2p.org/study/HGVST127'),(263,'http://www.hgvbaseg2p.org/study/HGVST128'),(265,'http://www.hgvbaseg2p.org/study/HGVST129'),(267,'http://www.hgvbaseg2p.org/study/HGVST130'),(269,'http://www.hgvbaseg2p.org/study/HGVST131'),(271,'http://www.hgvbaseg2p.org/study/HGVST132'),(273,'http://www.hgvbaseg2p.org/study/HGVST133'),(275,'http://www.hgvbaseg2p.org/study/HGVST134'),(277,'http://www.hgvbaseg2p.org/study/HGVST135'),(279,'http://www.hgvbaseg2p.org/study/HGVST136'),(281,'http://www.hgvbaseg2p.org/study/HGVST137'),(283,'http://www.hgvbaseg2p.org/study/HGVST138'),(285,'http://www.hgvbaseg2p.org/study/HGVST139'),(287,'http://www.hgvbaseg2p.org/study/HGVST140'),(289,'http://www.hgvbaseg2p.org/study/HGVST141'),(291,'http://www.hgvbaseg2p.org/study/HGVST142'),(293,'http://www.hgvbaseg2p.org/study/HGVST143'),(295,'http://www.hgvbaseg2p.org/study/HGVST144'),(297,'http://www.hgvbaseg2p.org/study/HGVST145'),(299,'http://www.hgvbaseg2p.org/study/HGVST146'),(301,'http://www.hgvbaseg2p.org/study/HGVST147'),(303,'http://www.hgvbaseg2p.org/study/HGVST148'),(305,'http://www.hgvbaseg2p.org/study/HGVST149'),(1,'http://www.hgvbaseg2p.org/study/HGVST15'),(307,'http://www.hgvbaseg2p.org/study/HGVST150'),(309,'http://www.hgvbaseg2p.org/study/HGVST151'),(311,'http://www.hgvbaseg2p.org/study/HGVST152'),(313,'http://www.hgvbaseg2p.org/study/HGVST153'),(315,'http://www.hgvbaseg2p.org/study/HGVST154'),(317,'http://www.hgvbaseg2p.org/study/HGVST155'),(319,'http://www.hgvbaseg2p.org/study/HGVST156'),(321,'http://www.hgvbaseg2p.org/study/HGVST157'),(323,'http://www.hgvbaseg2p.org/study/HGVST158'),(325,'http://www.hgvbaseg2p.org/study/HGVST159'),(3,'http://www.hgvbaseg2p.org/study/HGVST16'),(327,'http://www.hgvbaseg2p.org/study/HGVST160'),(329,'http://www.hgvbaseg2p.org/study/HGVST161'),(331,'http://www.hgvbaseg2p.org/study/HGVST162'),(333,'http://www.hgvbaseg2p.org/study/HGVST163'),(335,'http://www.hgvbaseg2p.org/study/HGVST164'),(337,'http://www.hgvbaseg2p.org/study/HGVST165'),(339,'http://www.hgvbaseg2p.org/study/HGVST166'),(341,'http://www.hgvbaseg2p.org/study/HGVST167'),(343,'http://www.hgvbaseg2p.org/study/HGVST168'),(345,'http://www.hgvbaseg2p.org/study/HGVST169'),(5,'http://www.hgvbaseg2p.org/study/HGVST17'),(347,'http://www.hgvbaseg2p.org/study/HGVST170'),(349,'http://www.hgvbaseg2p.org/study/HGVST171'),(351,'http://www.hgvbaseg2p.org/study/HGVST172'),(353,'http://www.hgvbaseg2p.org/study/HGVST173'),(355,'http://www.hgvbaseg2p.org/study/HGVST174'),(357,'http://www.hgvbaseg2p.org/study/HGVST175'),(359,'http://www.hgvbaseg2p.org/study/HGVST176'),(361,'http://www.hgvbaseg2p.org/study/HGVST177'),(363,'http://www.hgvbaseg2p.org/study/HGVST178'),(365,'http://www.hgvbaseg2p.org/study/HGVST179'),(7,'http://www.hgvbaseg2p.org/study/HGVST18'),(367,'http://www.hgvbaseg2p.org/study/HGVST180'),(369,'http://www.hgvbaseg2p.org/study/HGVST181'),(371,'http://www.hgvbaseg2p.org/study/HGVST182'),(373,'http://www.hgvbaseg2p.org/study/HGVST183'),(375,'http://www.hgvbaseg2p.org/study/HGVST184'),(859,'http://www.hgvbaseg2p.org/study/HGVST185'),(377,'http://www.hgvbaseg2p.org/study/HGVST186'),(379,'http://www.hgvbaseg2p.org/study/HGVST187'),(381,'http://www.hgvbaseg2p.org/study/HGVST188'),(383,'http://www.hgvbaseg2p.org/study/HGVST189'),(9,'http://www.hgvbaseg2p.org/study/HGVST19'),(385,'http://www.hgvbaseg2p.org/study/HGVST190'),(387,'http://www.hgvbaseg2p.org/study/HGVST191'),(389,'http://www.hgvbaseg2p.org/study/HGVST192'),(391,'http://www.hgvbaseg2p.org/study/HGVST193'),(393,'http://www.hgvbaseg2p.org/study/HGVST194'),(397,'http://www.hgvbaseg2p.org/study/HGVST195'),(413,'http://www.hgvbaseg2p.org/study/HGVST196'),(415,'http://www.hgvbaseg2p.org/study/HGVST197'),(421,'http://www.hgvbaseg2p.org/study/HGVST198'),(423,'http://www.hgvbaseg2p.org/study/HGVST199'),(11,'http://www.hgvbaseg2p.org/study/HGVST20'),(428,'http://www.hgvbaseg2p.org/study/HGVST200'),(451,'http://www.hgvbaseg2p.org/study/HGVST201'),(470,'http://www.hgvbaseg2p.org/study/HGVST202'),(474,'http://www.hgvbaseg2p.org/study/HGVST203'),(479,'http://www.hgvbaseg2p.org/study/HGVST204'),(489,'http://www.hgvbaseg2p.org/study/HGVST205'),(505,'http://www.hgvbaseg2p.org/study/HGVST206'),(513,'http://www.hgvbaseg2p.org/study/HGVST207'),(519,'http://www.hgvbaseg2p.org/study/HGVST208'),(526,'http://www.hgvbaseg2p.org/study/HGVST209'),(13,'http://www.hgvbaseg2p.org/study/HGVST21'),(541,'http://www.hgvbaseg2p.org/study/HGVST210'),(550,'http://www.hgvbaseg2p.org/study/HGVST211'),(552,'http://www.hgvbaseg2p.org/study/HGVST212'),(563,'http://www.hgvbaseg2p.org/study/HGVST213'),(570,'http://www.hgvbaseg2p.org/study/HGVST214'),(574,'http://www.hgvbaseg2p.org/study/HGVST215'),(581,'http://www.hgvbaseg2p.org/study/HGVST216'),(584,'http://www.hgvbaseg2p.org/study/HGVST217'),(586,'http://www.hgvbaseg2p.org/study/HGVST218'),(588,'http://www.hgvbaseg2p.org/study/HGVST219'),(15,'http://www.hgvbaseg2p.org/study/HGVST22'),(590,'http://www.hgvbaseg2p.org/study/HGVST220'),(592,'http://www.hgvbaseg2p.org/study/HGVST221'),(594,'http://www.hgvbaseg2p.org/study/HGVST222'),(602,'http://www.hgvbaseg2p.org/study/HGVST223'),(604,'http://www.hgvbaseg2p.org/study/HGVST224'),(632,'http://www.hgvbaseg2p.org/study/HGVST225'),(634,'http://www.hgvbaseg2p.org/study/HGVST226'),(638,'http://www.hgvbaseg2p.org/study/HGVST227'),(640,'http://www.hgvbaseg2p.org/study/HGVST228'),(642,'http://www.hgvbaseg2p.org/study/HGVST229'),(17,'http://www.hgvbaseg2p.org/study/HGVST23'),(644,'http://www.hgvbaseg2p.org/study/HGVST230'),(646,'http://www.hgvbaseg2p.org/study/HGVST231'),(648,'http://www.hgvbaseg2p.org/study/HGVST232'),(650,'http://www.hgvbaseg2p.org/study/HGVST233'),(652,'http://www.hgvbaseg2p.org/study/HGVST234'),(654,'http://www.hgvbaseg2p.org/study/HGVST235'),(658,'http://www.hgvbaseg2p.org/study/HGVST236'),(660,'http://www.hgvbaseg2p.org/study/HGVST237'),(663,'http://www.hgvbaseg2p.org/study/HGVST238'),(665,'http://www.hgvbaseg2p.org/study/HGVST239'),(23,'http://www.hgvbaseg2p.org/study/HGVST24'),(667,'http://www.hgvbaseg2p.org/study/HGVST240'),(669,'http://www.hgvbaseg2p.org/study/HGVST241'),(671,'http://www.hgvbaseg2p.org/study/HGVST242'),(673,'http://www.hgvbaseg2p.org/study/HGVST243'),(675,'http://www.hgvbaseg2p.org/study/HGVST244'),(677,'http://www.hgvbaseg2p.org/study/HGVST245'),(679,'http://www.hgvbaseg2p.org/study/HGVST246'),(682,'http://www.hgvbaseg2p.org/study/HGVST247'),(684,'http://www.hgvbaseg2p.org/study/HGVST248'),(686,'http://www.hgvbaseg2p.org/study/HGVST249'),(26,'http://www.hgvbaseg2p.org/study/HGVST25'),(688,'http://www.hgvbaseg2p.org/study/HGVST250'),(690,'http://www.hgvbaseg2p.org/study/HGVST251'),(692,'http://www.hgvbaseg2p.org/study/HGVST252'),(694,'http://www.hgvbaseg2p.org/study/HGVST253'),(696,'http://www.hgvbaseg2p.org/study/HGVST254'),(698,'http://www.hgvbaseg2p.org/study/HGVST255'),(700,'http://www.hgvbaseg2p.org/study/HGVST256'),(702,'http://www.hgvbaseg2p.org/study/HGVST257'),(704,'http://www.hgvbaseg2p.org/study/HGVST258'),(706,'http://www.hgvbaseg2p.org/study/HGVST259'),(28,'http://www.hgvbaseg2p.org/study/HGVST26'),(708,'http://www.hgvbaseg2p.org/study/HGVST260'),(710,'http://www.hgvbaseg2p.org/study/HGVST261'),(712,'http://www.hgvbaseg2p.org/study/HGVST262'),(714,'http://www.hgvbaseg2p.org/study/HGVST263'),(716,'http://www.hgvbaseg2p.org/study/HGVST264'),(718,'http://www.hgvbaseg2p.org/study/HGVST265'),(720,'http://www.hgvbaseg2p.org/study/HGVST266'),(725,'http://www.hgvbaseg2p.org/study/HGVST267'),(727,'http://www.hgvbaseg2p.org/study/HGVST268'),(729,'http://www.hgvbaseg2p.org/study/HGVST269'),(866,'http://www.hgvbaseg2p.org/study/HGVST27'),(731,'http://www.hgvbaseg2p.org/study/HGVST270'),(733,'http://www.hgvbaseg2p.org/study/HGVST271'),(736,'http://www.hgvbaseg2p.org/study/HGVST272'),(738,'http://www.hgvbaseg2p.org/study/HGVST273'),(740,'http://www.hgvbaseg2p.org/study/HGVST274'),(742,'http://www.hgvbaseg2p.org/study/HGVST275'),(744,'http://www.hgvbaseg2p.org/study/HGVST276'),(746,'http://www.hgvbaseg2p.org/study/HGVST277'),(749,'http://www.hgvbaseg2p.org/study/HGVST278'),(751,'http://www.hgvbaseg2p.org/study/HGVST279'),(30,'http://www.hgvbaseg2p.org/study/HGVST28'),(753,'http://www.hgvbaseg2p.org/study/HGVST280'),(755,'http://www.hgvbaseg2p.org/study/HGVST281'),(757,'http://www.hgvbaseg2p.org/study/HGVST282'),(761,'http://www.hgvbaseg2p.org/study/HGVST283'),(763,'http://www.hgvbaseg2p.org/study/HGVST284'),(765,'http://www.hgvbaseg2p.org/study/HGVST285'),(767,'http://www.hgvbaseg2p.org/study/HGVST286'),(770,'http://www.hgvbaseg2p.org/study/HGVST287'),(772,'http://www.hgvbaseg2p.org/study/HGVST288'),(774,'http://www.hgvbaseg2p.org/study/HGVST289'),(32,'http://www.hgvbaseg2p.org/study/HGVST29'),(776,'http://www.hgvbaseg2p.org/study/HGVST290'),(778,'http://www.hgvbaseg2p.org/study/HGVST291'),(782,'http://www.hgvbaseg2p.org/study/HGVST292'),(784,'http://www.hgvbaseg2p.org/study/HGVST293'),(786,'http://www.hgvbaseg2p.org/study/HGVST294'),(789,'http://www.hgvbaseg2p.org/study/HGVST295'),(791,'http://www.hgvbaseg2p.org/study/HGVST296'),(793,'http://www.hgvbaseg2p.org/study/HGVST297'),(795,'http://www.hgvbaseg2p.org/study/HGVST298'),(797,'http://www.hgvbaseg2p.org/study/HGVST299'),(34,'http://www.hgvbaseg2p.org/study/HGVST30'),(799,'http://www.hgvbaseg2p.org/study/HGVST300'),(801,'http://www.hgvbaseg2p.org/study/HGVST301'),(803,'http://www.hgvbaseg2p.org/study/HGVST302'),(805,'http://www.hgvbaseg2p.org/study/HGVST303'),(807,'http://www.hgvbaseg2p.org/study/HGVST304'),(809,'http://www.hgvbaseg2p.org/study/HGVST305'),(811,'http://www.hgvbaseg2p.org/study/HGVST306'),(815,'http://www.hgvbaseg2p.org/study/HGVST307'),(819,'http://www.hgvbaseg2p.org/study/HGVST308'),(823,'http://www.hgvbaseg2p.org/study/HGVST309'),(36,'http://www.hgvbaseg2p.org/study/HGVST31'),(827,'http://www.hgvbaseg2p.org/study/HGVST310'),(831,'http://www.hgvbaseg2p.org/study/HGVST311'),(835,'http://www.hgvbaseg2p.org/study/HGVST312'),(839,'http://www.hgvbaseg2p.org/study/HGVST313'),(843,'http://www.hgvbaseg2p.org/study/HGVST314'),(847,'http://www.hgvbaseg2p.org/study/HGVST315'),(851,'http://www.hgvbaseg2p.org/study/HGVST316'),(874,'http://www.hgvbaseg2p.org/study/HGVST317'),(868,'http://www.hgvbaseg2p.org/study/HGVST318'),(883,'http://www.hgvbaseg2p.org/study/HGVST319'),(38,'http://www.hgvbaseg2p.org/study/HGVST32'),(885,'http://www.hgvbaseg2p.org/study/HGVST320'),(1011,'http://www.hgvbaseg2p.org/study/HGVST321'),(890,'http://www.hgvbaseg2p.org/study/HGVST322'),(892,'http://www.hgvbaseg2p.org/study/HGVST323'),(894,'http://www.hgvbaseg2p.org/study/HGVST324'),(896,'http://www.hgvbaseg2p.org/study/HGVST325'),(898,'http://www.hgvbaseg2p.org/study/HGVST326'),(900,'http://www.hgvbaseg2p.org/study/HGVST327'),(902,'http://www.hgvbaseg2p.org/study/HGVST328'),(904,'http://www.hgvbaseg2p.org/study/HGVST329'),(41,'http://www.hgvbaseg2p.org/study/HGVST33'),(906,'http://www.hgvbaseg2p.org/study/HGVST330'),(908,'http://www.hgvbaseg2p.org/study/HGVST331'),(910,'http://www.hgvbaseg2p.org/study/HGVST332'),(912,'http://www.hgvbaseg2p.org/study/HGVST333'),(914,'http://www.hgvbaseg2p.org/study/HGVST334'),(916,'http://www.hgvbaseg2p.org/study/HGVST335'),(918,'http://www.hgvbaseg2p.org/study/HGVST336'),(920,'http://www.hgvbaseg2p.org/study/HGVST337'),(922,'http://www.hgvbaseg2p.org/study/HGVST338'),(924,'http://www.hgvbaseg2p.org/study/HGVST339'),(43,'http://www.hgvbaseg2p.org/study/HGVST34'),(926,'http://www.hgvbaseg2p.org/study/HGVST340'),(928,'http://www.hgvbaseg2p.org/study/HGVST341'),(930,'http://www.hgvbaseg2p.org/study/HGVST342'),(932,'http://www.hgvbaseg2p.org/study/HGVST343'),(934,'http://www.hgvbaseg2p.org/study/HGVST344'),(936,'http://www.hgvbaseg2p.org/study/HGVST345'),(938,'http://www.hgvbaseg2p.org/study/HGVST346'),(940,'http://www.hgvbaseg2p.org/study/HGVST347'),(942,'http://www.hgvbaseg2p.org/study/HGVST348'),(944,'http://www.hgvbaseg2p.org/study/HGVST349'),(45,'http://www.hgvbaseg2p.org/study/HGVST35'),(946,'http://www.hgvbaseg2p.org/study/HGVST350'),(948,'http://www.hgvbaseg2p.org/study/HGVST351'),(950,'http://www.hgvbaseg2p.org/study/HGVST352'),(952,'http://www.hgvbaseg2p.org/study/HGVST353'),(954,'http://www.hgvbaseg2p.org/study/HGVST354'),(956,'http://www.hgvbaseg2p.org/study/HGVST355'),(958,'http://www.hgvbaseg2p.org/study/HGVST356'),(960,'http://www.hgvbaseg2p.org/study/HGVST357'),(1002,'http://www.hgvbaseg2p.org/study/HGVST359'),(47,'http://www.hgvbaseg2p.org/study/HGVST36'),(970,'http://www.hgvbaseg2p.org/study/HGVST360'),(972,'http://www.hgvbaseg2p.org/study/HGVST361'),(974,'http://www.hgvbaseg2p.org/study/HGVST362'),(976,'http://www.hgvbaseg2p.org/study/HGVST363'),(978,'http://www.hgvbaseg2p.org/study/HGVST364'),(980,'http://www.hgvbaseg2p.org/study/HGVST365'),(982,'http://www.hgvbaseg2p.org/study/HGVST366'),(985,'http://www.hgvbaseg2p.org/study/HGVST367'),(987,'http://www.hgvbaseg2p.org/study/HGVST368'),(989,'http://www.hgvbaseg2p.org/study/HGVST369'),(50,'http://www.hgvbaseg2p.org/study/HGVST37'),(991,'http://www.hgvbaseg2p.org/study/HGVST370'),(993,'http://www.hgvbaseg2p.org/study/HGVST371'),(995,'http://www.hgvbaseg2p.org/study/HGVST372'),(1000,'http://www.hgvbaseg2p.org/study/HGVST373'),(1004,'http://www.hgvbaseg2p.org/study/HGVST374'),(1006,'http://www.hgvbaseg2p.org/study/HGVST375'),(1015,'http://www.hgvbaseg2p.org/study/HGVST376'),(1017,'http://www.hgvbaseg2p.org/study/HGVST377'),(1019,'http://www.hgvbaseg2p.org/study/HGVST378'),(52,'http://www.hgvbaseg2p.org/study/HGVST38'),(57,'http://www.hgvbaseg2p.org/study/HGVST39'),(60,'http://www.hgvbaseg2p.org/study/HGVST40'),(63,'http://www.hgvbaseg2p.org/study/HGVST41'),(65,'http://www.hgvbaseg2p.org/study/HGVST42'),(67,'http://www.hgvbaseg2p.org/study/HGVST43'),(69,'http://www.hgvbaseg2p.org/study/HGVST44'),(71,'http://www.hgvbaseg2p.org/study/HGVST45'),(73,'http://www.hgvbaseg2p.org/study/HGVST46'),(75,'http://www.hgvbaseg2p.org/study/HGVST47'),(77,'http://www.hgvbaseg2p.org/study/HGVST48'),(79,'http://www.hgvbaseg2p.org/study/HGVST49'),(83,'http://www.hgvbaseg2p.org/study/HGVST50'),(85,'http://www.hgvbaseg2p.org/study/HGVST51'),(1021,'http://www.hgvbaseg2p.org/study/HGVST512'),(89,'http://www.hgvbaseg2p.org/study/HGVST52'),(91,'http://www.hgvbaseg2p.org/study/HGVST53'),(93,'http://www.hgvbaseg2p.org/study/HGVST54'),(98,'http://www.hgvbaseg2p.org/study/HGVST55'),(100,'http://www.hgvbaseg2p.org/study/HGVST56'),(102,'http://www.hgvbaseg2p.org/study/HGVST57'),(962,'http://www.hgvbaseg2p.org/study/HGVST58'),(104,'http://www.hgvbaseg2p.org/study/HGVST59'),(106,'http://www.hgvbaseg2p.org/study/HGVST60'),(108,'http://www.hgvbaseg2p.org/study/HGVST61'),(110,'http://www.hgvbaseg2p.org/study/HGVST62'),(112,'http://www.hgvbaseg2p.org/study/HGVST63'),(114,'http://www.hgvbaseg2p.org/study/HGVST64'),(116,'http://www.hgvbaseg2p.org/study/HGVST65'),(124,'http://www.hgvbaseg2p.org/study/HGVST66'),(127,'http://www.hgvbaseg2p.org/study/HGVST67'),(129,'http://www.hgvbaseg2p.org/study/HGVST68'),(135,'http://www.hgvbaseg2p.org/study/HGVST69'),(137,'http://www.hgvbaseg2p.org/study/HGVST70'),(139,'http://www.hgvbaseg2p.org/study/HGVST71'),(141,'http://www.hgvbaseg2p.org/study/HGVST72'),(143,'http://www.hgvbaseg2p.org/study/HGVST73'),(145,'http://www.hgvbaseg2p.org/study/HGVST74'),(147,'http://www.hgvbaseg2p.org/study/HGVST75'),(149,'http://www.hgvbaseg2p.org/study/HGVST76'),(151,'http://www.hgvbaseg2p.org/study/HGVST77'),(153,'http://www.hgvbaseg2p.org/study/HGVST78'),(155,'http://www.hgvbaseg2p.org/study/HGVST79'),(157,'http://www.hgvbaseg2p.org/study/HGVST80'),(159,'http://www.hgvbaseg2p.org/study/HGVST81'),(161,'http://www.hgvbaseg2p.org/study/HGVST82'),(863,'http://www.hgvbaseg2p.org/study/HGVST83'),(168,'http://www.hgvbaseg2p.org/study/HGVST84'),(171,'http://www.hgvbaseg2p.org/study/HGVST85'),(174,'http://www.hgvbaseg2p.org/study/HGVST86'),(176,'http://www.hgvbaseg2p.org/study/HGVST87'),(178,'http://www.hgvbaseg2p.org/study/HGVST88'),(180,'http://www.hgvbaseg2p.org/study/HGVST89'),(183,'http://www.hgvbaseg2p.org/study/HGVST90'),(185,'http://www.hgvbaseg2p.org/study/HGVST91'),(187,'http://www.hgvbaseg2p.org/study/HGVST92'),(189,'http://www.hgvbaseg2p.org/study/HGVST93'),(191,'http://www.hgvbaseg2p.org/study/HGVST94'),(193,'http://www.hgvbaseg2p.org/study/HGVST95'),(195,'http://www.hgvbaseg2p.org/study/HGVST96'),(197,'http://www.hgvbaseg2p.org/study/HGVST97'),(199,'http://www.hgvbaseg2p.org/study/HGVST98'),(201,'http://www.hgvbaseg2p.org/study/HGVST99');
/*!40000 ALTER TABLE `resource` ENABLE KEYS */;
UNLOCK TABLES;

--
-- Table structure for table `user`
--

DROP TABLE IF EXISTS `user`;
/*!40101 SET @saved_cs_client     = @@character_set_client */;
/*!40101 SET character_set_client = utf8 */;
CREATE TABLE `user` (
  `user_id` int(11) unsigned NOT NULL AUTO_INCREMENT,
  `identity` varchar(255) DEFAULT NULL,
  `nickname` varchar(255) DEFAULT NULL,
  `md5` varchar(32) DEFAULT NULL,
  `can_create_user` varchar(10) DEFAULT NULL,
  `can_delete_user` varchar(10) DEFAULT NULL,
  `can_update_user` varchar(10) DEFAULT NULL,
  `can_create_resource` varchar(10) DEFAULT NULL,
  `can_delete_resource` varchar(10) DEFAULT NULL,
  PRIMARY KEY (`user_id`),
  UNIQUE KEY `identity` (`identity`)
) ENGINE=InnoDB AUTO_INCREMENT=428 DEFAULT CHARSET=latin1;
/*!40101 SET character_set_client = @saved_cs_client */;

--
-- Dumping data for table `user`
--

LOCK TABLES `user` WRITE;
/*!40000 ALTER TABLE `user` DISABLE KEYS */;
INSERT INTO `user` VALUES (8,'anon','All Public Users',NULL,NULL,NULL,NULL,NULL,NULL),(16,'admin@hgvbaseg2p.org','Administrator',NULL,'yes','yes','yes','yes','yes'),(48,'user','All Registered Users',NULL,NULL,NULL,NULL,NULL,NULL),(356,'rcfree@gmail.com','RobF',NULL,NULL,NULL,NULL,NULL,NULL),(366,'rcfree@hotmail.com','RobF hmail',NULL,NULL,NULL,NULL,NULL,NULL),(395,'rkh7@le.ac.uk','bobbybaby',NULL,NULL,NULL,NULL,NULL,NULL),(417,'theboyfree@yahoo.co.uk',NULL,NULL,NULL,NULL,NULL,NULL,NULL),(420,'tb143@le.ac.uk',NULL,NULL,NULL,NULL,NULL,NULL,NULL),(424,'rcf8@le.ac.uk',NULL,NULL,NULL,NULL,NULL,NULL,NULL),(425,'robert.hastings@yahoo.co.uk',NULL,NULL,NULL,NULL,NULL,NULL,NULL),(426,'t1dadmin@hgvbaseg2p.org',NULL,NULL,NULL,NULL,NULL,NULL,NULL),(427,'prca_admin@hgvbaseg2p.org',NULL,NULL,NULL,NULL,NULL,NULL,NULL);
/*!40000 ALTER TABLE `user` ENABLE KEYS */;
UNLOCK TABLES;
/*!40103 SET TIME_ZONE=@OLD_TIME_ZONE */;

/*!40101 SET SQL_MODE=@OLD_SQL_MODE */;
/*!40014 SET FOREIGN_KEY_CHECKS=@OLD_FOREIGN_KEY_CHECKS */;
/*!40014 SET UNIQUE_CHECKS=@OLD_UNIQUE_CHECKS */;
/*!40101 SET CHARACTER_SET_CLIENT=@OLD_CHARACTER_SET_CLIENT */;
/*!40101 SET CHARACTER_SET_RESULTS=@OLD_CHARACTER_SET_RESULTS */;
/*!40101 SET COLLATION_CONNECTION=@OLD_COLLATION_CONNECTION */;
/*!40111 SET SQL_NOTES=@OLD_SQL_NOTES */;

-- Dump completed on 2011-04-01 10:12:24
